file,line,type,commit,author,date,time,timezone,datetime,depth,length
style.css,1,css,3c7a028a,rz0821,2026-04-10,18:59:47,-07:00,2026-04-10T18:59:47-07:00,0,4
style.css,2,css,8f94c102,rz0821,2026-04-17,14:22:55,-07:00,2026-04-17T14:22:55-07:00,1,23
style.css,3,css,3c7a028a,rz0821,2026-04-10,18:59:47,-07:00,2026-04-10T18:59:47-07:00,1,31
style.css,4,css,3c7a028a,rz0821,2026-04-10,18:59:47,-07:00,2026-04-10T18:59:47-07:00,1,32
style.css,5,css,3c7a028a,rz0821,2026-04-10,18:59:47,-07:00,2026-04-10T18:59:47-07:00,0,0
style.css,6,css,3c7a028a,rz0821,2026-04-10,18:59:47,-07:00,2026-04-10T18:59:47-07:00,0,0
style.css,7,css,3e46cc7a,rz0821,2026-04-03,16:25:11,-07:00,2026-04-03T16:25:11-07:00,0,4
style.css,8,css,3e46cc7a,rz0821,2026-04-03,16:25:11,-07:00,2026-04-03T16:25:11-07:00,1,23
style.css,9,css,3c7a028a,rz0821,2026-04-10,18:59:47,-07:00,2026-04-10T18:59:47-07:00,1,15
style.css,10,css,3c7a028a,rz0821,2026-04-10,18:59:47,-07:00,2026-04-10T18:59:47-07:00,1,42
style.css,11,css,3c7a028a,rz0821,2026-04-10,18:59:47,-07:00,2026-04-10T18:59:47-07:00,0,0
style.css,12,css,3c7a028a,rz0821,2026-04-10,18:59:47,-07:00,2026-04-10T18:59:47-07:00,0,0
style.css,13,css,3c7a028a,rz0821,2026-04-10,18:59:47,-07:00,2026-04-10T18:59:47-07:00,0,2
style.css,14,css,3c7a028a,rz0821,2026-04-10,18:59:47,-07:00,2026-04-10T18:59:47-07:00,1,14
style.css,15,css,3c7a028a,rz0821,2026-04-10,18:59:47,-07:00,2026-04-10T18:59:47-07:00,0,0
style.css,16,css,3c7a028a,rz0821,2026-04-10,18:59:47,-07:00,2026-04-10T18:59:47-07:00,0,0
style.css,17,css,3c7a028a,rz0821,2026-04-10,18:59:47,-07:00,2026-04-10T18:59:47-07:00,0,22
style.css,18,css,3c7a028a,rz0821,2026-04-10,18:59:47,-07:00,2026-04-10T18:59:47-07:00,1,15
style.css,19,css,3c7a028a,rz0821,2026-04-10,18:59:47,-07:00,2026-04-10T18:59:47-07:00,1,17
style.css,20,css,3e46cc7a,rz0821,2026-04-03,16:25:11,-07:00,2026-04-03T16:25:11-07:00,0,0
style.css,21,css,3e46cc7a,rz0821,2026-04-03,16:25:11,-07:00,2026-04-03T16:25:11-07:00,0,0
style.css,22,css,3e46cc7a,rz0821,2026-04-03,16:25:11,-07:00,2026-04-03T16:25:11-07:00,0,3
style.css,23,css,3e46cc7a,rz0821,2026-04-03,16:25:11,-07:00,2026-04-03T16:25:11-07:00,1,12
style.css,24,css,76ad925f,rz0821,2026-04-17,16:50:37,-07:00,2026-04-17T16:50:37-07:00,1,18
style.css,25,css,3c7a028a,rz0821,2026-04-10,18:59:47,-07:00,2026-04-10T18:59:47-07:00,1,17
style.css,26,css,8f94c102,rz0821,2026-04-17,14:22:55,-07:00,2026-04-17T14:22:55-07:00,1,39
style.css,27,css,03ba9ef2,rz0821,2026-04-17,15:48:54,-07:00,2026-04-17T15:48:54-07:00,1,43
style.css,28,css,3c7a028a,rz0821,2026-04-10,18:59:47,-07:00,2026-04-10T18:59:47-07:00,0,0
style.css,29,css,3c7a028a,rz0821,2026-04-10,18:59:47,-07:00,2026-04-10T18:59:47-07:00,0,0
style.css,30,css,3c7a028a,rz0821,2026-04-10,18:59:47,-07:00,2026-04-10T18:59:47-07:00,0,6
style.css,31,css,03ba9ef2,rz0821,2026-04-17,15:48:54,-07:00,2026-04-17T15:48:54-07:00,1,16
style.css,32,css,3e46cc7a,rz0821,2026-04-03,16:25:11,-07:00,2026-04-03T16:25:11-07:00,0,0
style.css,33,css,3e46cc7a,rz0821,2026-04-03,16:25:11,-07:00,2026-04-03T16:25:11-07:00,0,0
style.css,34,css,3e46cc7a,rz0821,2026-04-03,16:25:11,-07:00,2026-04-03T16:25:11-07:00,0,5
style.css,35,css,3c7a028a,rz0821,2026-04-10,18:59:47,-07:00,2026-04-10T18:59:47-07:00,1,6
style.css,36,css,3e46cc7a,rz0821,2026-04-03,16:25:11,-07:00,2026-04-03T16:25:11-07:00,1,20
style.css,37,css,3c7a028a,rz0821,2026-04-10,18:59:47,-07:00,2026-04-10T18:59:47-07:00,1,13
style.css,38,css,3c7a028a,rz0821,2026-04-10,18:59:47,-07:00,2026-04-10T18:59:47-07:00,1,17
style.css,39,css,3c7a028a,rz0821,2026-04-10,18:59:47,-07:00,2026-04-10T18:59:47-07:00,1,13
style.css,40,css,3c7a028a,rz0821,2026-04-10,18:59:47,-07:00,2026-04-10T18:59:47-07:00,0,0
style.css,41,css,3c7a028a,rz0821,2026-04-10,18:59:47,-07:00,2026-04-10T18:59:47-07:00,0,0
style.css,42,css,3c7a028a,rz0821,2026-04-10,18:59:47,-07:00,2026-04-10T18:59:47-07:00,0,13
style.css,43,css,8f94c102,rz0821,2026-04-17,14:22:55,-07:00,2026-04-17T14:22:55-07:00,1,45
style.css,44,css,3c7a028a,rz0821,2026-04-10,18:59:47,-07:00,2026-04-10T18:59:47-07:00,1,20
style.css,45,css,3e46cc7a,rz0821,2026-04-03,16:25:11,-07:00,2026-04-03T16:25:11-07:00,0,0
style.css,46,css,3e46cc7a,rz0821,2026-04-03,16:25:11,-07:00,2026-04-03T16:25:11-07:00,0,0
style.css,47,css,3c7a028a,rz0821,2026-04-10,18:59:47,-07:00,2026-04-10T18:59:47-07:00,0,11
style.css,48,css,3c7a028a,rz0821,2026-04-10,18:59:47,-07:00,2026-04-10T18:59:47-07:00,1,45
style.css,49,css,3c7a028a,rz0821,2026-04-10,18:59:47,-07:00,2026-04-10T18:59:47-07:00,1,20
style.css,50,css,8f94c102,rz0821,2026-04-17,14:22:55,-07:00,2026-04-17T14:22:55-07:00,1,69
style.css,51,css,8f94c102,rz0821,2026-04-17,14:22:55,-07:00,2026-04-17T14:22:55-07:00,0,0
style.css,52,css,8f94c102,rz0821,2026-04-17,14:22:55,-07:00,2026-04-17T14:22:55-07:00,0,0
style.css,53,css,76ad925f,rz0821,2026-04-17,16:50:37,-07:00,2026-04-17T16:50:37-07:00,0,49
style.css,54,css,8f94c102,rz0821,2026-04-17,14:22:55,-07:00,2026-04-17T14:22:55-07:00,0,13
style.css,55,css,76ad925f,rz0821,2026-04-17,16:50:37,-07:00,2026-04-17T16:50:37-07:00,1,16
style.css,56,css,03ba9ef2,rz0821,2026-04-17,15:48:54,-07:00,2026-04-17T15:48:54-07:00,1,13
style.css,57,css,03ba9ef2,rz0821,2026-04-17,15:48:54,-07:00,2026-04-17T15:48:54-07:00,1,19
style.css,58,css,76ad925f,rz0821,2026-04-17,16:50:37,-07:00,2026-04-17T16:50:37-07:00,1,18
style.css,59,css,76ad925f,rz0821,2026-04-17,16:50:37,-07:00,2026-04-17T16:50:37-07:00,1,13
style.css,60,css,3e46cc7a,rz0821,2026-04-03,16:25:11,-07:00,2026-04-03T16:25:11-07:00,0,0
style.css,61,css,3e46cc7a,rz0821,2026-04-03,16:25:11,-07:00,2026-04-03T16:25:11-07:00,0,0
style.css,62,css,3e46cc7a,rz0821,2026-04-03,16:25:11,-07:00,2026-04-03T16:25:11-07:00,0,3
style.css,63,css,3e46cc7a,rz0821,2026-04-03,16:25:11,-07:00,2026-04-03T16:25:11-07:00,1,14
style.css,64,css,3e46cc7a,rz0821,2026-04-03,16:25:11,-07:00,2026-04-03T16:25:11-07:00,1,18
style.css,65,css,3e46cc7a,rz0821,2026-04-03,16:25:11,-07:00,2026-04-03T16:25:11-07:00,1,15
style.css,66,css,3e46cc7a,rz0821,2026-04-03,16:25:11,-07:00,2026-04-03T16:25:11-07:00,0,0
style.css,67,css,3e46cc7a,rz0821,2026-04-03,16:25:11,-07:00,2026-04-03T16:25:11-07:00,0,0
style.css,68,css,8f94c102,rz0821,2026-04-17,14:22:55,-07:00,2026-04-17T14:22:55-07:00,0,31
style.css,69,css,03ba9ef2,rz0821,2026-04-17,15:48:54,-07:00,2026-04-17T15:48:54-07:00,1,12
style.css,70,css,3e46cc7a,rz0821,2026-04-03,16:25:11,-07:00,2026-04-03T16:25:11-07:00,0,0
style.css,71,css,3e46cc7a,rz0821,2026-04-03,16:25:11,-07:00,2026-04-03T16:25:11-07:00,0,0
style.css,72,css,3e46cc7a,rz0821,2026-04-03,16:25:11,-07:00,2026-04-03T16:25:11-07:00,0,4
style.css,73,css,3c7a028a,rz0821,2026-04-10,18:59:47,-07:00,2026-04-10T18:59:47-07:00,1,12
style.css,74,css,3c7a028a,rz0821,2026-04-10,18:59:47,-07:00,2026-04-10T18:59:47-07:00,1,30
style.css,75,css,3c7a028a,rz0821,2026-04-10,18:59:47,-07:00,2026-04-10T18:59:47-07:00,1,7
style.css,76,css,3e46cc7a,rz0821,2026-04-03,16:25:11,-07:00,2026-04-03T16:25:11-07:00,0,0
style.css,77,css,3e46cc7a,rz0821,2026-04-03,16:25:11,-07:00,2026-04-03T16:25:11-07:00,0,0
style.css,78,css,3c7a028a,rz0821,2026-04-10,18:59:47,-07:00,2026-04-10T18:59:47-07:00,0,5
style.css,79,css,3c7a028a,rz0821,2026-04-10,18:59:47,-07:00,2026-04-10T18:59:47-07:00,1,12
style.css,80,css,3c7a028a,rz0821,2026-04-10,18:59:47,-07:00,2026-04-10T18:59:47-07:00,1,29
style.css,81,css,3c7a028a,rz0821,2026-04-10,18:59:47,-07:00,2026-04-10T18:59:47-07:00,1,18
style.css,82,css,3e46cc7a,rz0821,2026-04-03,16:25:11,-07:00,2026-04-03T16:25:11-07:00,0,0
style.css,83,css,3e46cc7a,rz0821,2026-04-03,16:25:11,-07:00,2026-04-03T16:25:11-07:00,0,0
style.css,84,css,3e46cc7a,rz0821,2026-04-03,16:25:11,-07:00,2026-04-03T16:25:11-07:00,0,6
style.css,85,css,3c7a028a,rz0821,2026-04-10,18:59:47,-07:00,2026-04-10T18:59:47-07:00,1,18
style.css,86,css,3e46cc7a,rz0821,2026-04-03,16:25:11,-07:00,2026-04-03T16:25:11-07:00,1,12
style.css,87,css,0306dc1d,rz0821,2026-04-17,16:45:30,-07:00,2026-04-17T16:45:30-07:00,1,27
style.css,88,css,0306dc1d,rz0821,2026-04-17,16:45:30,-07:00,2026-04-17T16:45:30-07:00,1,12
style.css,89,css,3e46cc7a,rz0821,2026-04-03,16:25:11,-07:00,2026-04-03T16:25:11-07:00,1,11
style.css,90,css,3c7a028a,rz0821,2026-04-10,18:59:47,-07:00,2026-04-10T18:59:47-07:00,1,17
style.css,91,css,3c7a028a,rz0821,2026-04-10,18:59:47,-07:00,2026-04-10T18:59:47-07:00,1,14
style.css,92,css,3c7a028a,rz0821,2026-04-10,18:59:47,-07:00,2026-04-10T18:59:47-07:00,0,0
style.css,93,css,3c7a028a,rz0821,2026-04-10,18:59:47,-07:00,2026-04-10T18:59:47-07:00,0,0
style.css,94,css,3c7a028a,rz0821,2026-04-10,18:59:47,-07:00,2026-04-10T18:59:47-07:00,0,12
style.css,95,css,0306dc1d,rz0821,2026-04-17,16:45:30,-07:00,2026-04-17T16:45:30-07:00,1,36
style.css,96,css,0306dc1d,rz0821,2026-04-17,16:45:30,-07:00,2026-04-17T16:45:30-07:00,1,12
style.css,97,css,3c7a028a,rz0821,2026-04-10,18:59:47,-07:00,2026-04-10T18:59:47-07:00,0,0
style.css,98,css,3c7a028a,rz0821,2026-04-10,18:59:47,-07:00,2026-04-10T18:59:47-07:00,0,0
style.css,99,css,3c99ffa5,ryz002-rz,2026-05-01,15:40:56,-07:00,2026-05-01T15:40:56-07:00,0,39
style.css,100,css,3c7a028a,rz0821,2026-04-10,18:59:47,-07:00,2026-04-10T18:59:47-07:00,0,9
style.css,101,css,3c7a028a,rz0821,2026-04-10,18:59:47,-07:00,2026-04-10T18:59:47-07:00,1,12
style.css,102,css,3c7a028a,rz0821,2026-04-10,18:59:47,-07:00,2026-04-10T18:59:47-07:00,1,58
style.css,103,css,03ba9ef2,rz0821,2026-04-17,15:48:54,-07:00,2026-04-17T15:48:54-07:00,1,7
style.css,104,css,3c7a028a,rz0821,2026-04-10,18:59:47,-07:00,2026-04-10T18:59:47-07:00,0,0
style.css,105,css,3c7a028a,rz0821,2026-04-10,18:59:47,-07:00,2026-04-10T18:59:47-07:00,0,0
style.css,106,css,3c7a028a,rz0821,2026-04-10,18:59:47,-07:00,2026-04-10T18:59:47-07:00,0,17
style.css,107,css,3c7a028a,rz0821,2026-04-10,18:59:47,-07:00,2026-04-10T18:59:47-07:00,1,12
style.css,108,css,3c7a028a,rz0821,2026-04-10,18:59:47,-07:00,2026-04-10T18:59:47-07:00,1,26
style.css,109,css,3c7a028a,rz0821,2026-04-10,18:59:47,-07:00,2026-04-10T18:59:47-07:00,1,15
style.css,110,css,3c7a028a,rz0821,2026-04-10,18:59:47,-07:00,2026-04-10T18:59:47-07:00,0,0
style.css,111,css,3c7a028a,rz0821,2026-04-10,18:59:47,-07:00,2026-04-10T18:59:47-07:00,0,0
style.css,112,css,3c7a028a,rz0821,2026-04-10,18:59:47,-07:00,2026-04-10T18:59:47-07:00,0,12
style.css,113,css,3c7a028a,rz0821,2026-04-10,18:59:47,-07:00,2026-04-10T18:59:47-07:00,1,8
style.css,114,css,3c99ffa5,ryz002-rz,2026-05-01,15:40:56,-07:00,2026-05-01T15:40:56-07:00,0,0
style.css,115,css,3c99ffa5,ryz002-rz,2026-05-01,15:40:56,-07:00,2026-05-01T15:40:56-07:00,0,0
style.css,116,css,3c99ffa5,ryz002-rz,2026-05-01,15:40:56,-07:00,2026-05-01T15:40:56-07:00,0,73
style.css,117,css,3c99ffa5,ryz002-rz,2026-05-01,15:40:56,-07:00,2026-05-01T15:40:56-07:00,0,13
style.css,118,css,3c99ffa5,ryz002-rz,2026-05-01,15:40:56,-07:00,2026-05-01T15:40:56-07:00,1,12
style.css,119,css,3c99ffa5,ryz002-rz,2026-05-01,15:40:56,-07:00,2026-05-01T15:40:56-07:00,1,21
style.css,120,css,3c99ffa5,ryz002-rz,2026-05-01,15:40:56,-07:00,2026-05-01T15:40:56-07:00,1,29
style.css,121,css,3c99ffa5,ryz002-rz,2026-05-01,15:40:56,-07:00,2026-05-01T15:40:56-07:00,0,0
style.css,122,css,3c99ffa5,ryz002-rz,2026-05-01,15:40:56,-07:00,2026-05-01T15:40:56-07:00,0,0
style.css,123,css,3c99ffa5,ryz002-rz,2026-05-01,15:40:56,-07:00,2026-05-01T15:40:56-07:00,0,13
style.css,124,css,3c99ffa5,ryz002-rz,2026-05-01,15:40:56,-07:00,2026-05-01T15:40:56-07:00,1,18
style.css,125,css,3c99ffa5,ryz002-rz,2026-05-01,15:40:56,-07:00,2026-05-01T15:40:56-07:00,1,55
style.css,126,css,3c99ffa5,ryz002-rz,2026-05-01,15:40:56,-07:00,2026-05-01T15:40:56-07:00,1,34
style.css,127,css,3c99ffa5,ryz002-rz,2026-05-01,15:40:56,-07:00,2026-05-01T15:40:56-07:00,1,17
style.css,128,css,3c99ffa5,ryz002-rz,2026-05-01,15:40:56,-07:00,2026-05-01T15:40:56-07:00,1,49
style.css,129,css,3c99ffa5,ryz002-rz,2026-05-01,15:40:56,-07:00,2026-05-01T15:40:56-07:00,0,0
style.css,130,css,3c99ffa5,ryz002-rz,2026-05-01,15:40:56,-07:00,2026-05-01T15:40:56-07:00,0,0
style.css,131,css,3c99ffa5,ryz002-rz,2026-05-01,15:40:56,-07:00,2026-05-01T15:40:56-07:00,0,54
style.css,132,css,3c99ffa5,ryz002-rz,2026-05-01,15:40:56,-07:00,2026-05-01T15:40:56-07:00,0,10
style.css,133,css,3c99ffa5,ryz002-rz,2026-05-01,15:40:56,-07:00,2026-05-01T15:40:56-07:00,1,12
style.css,134,css,3c99ffa5,ryz002-rz,2026-05-01,15:40:56,-07:00,2026-05-01T15:40:56-07:00,1,18
style.css,135,css,3c99ffa5,ryz002-rz,2026-05-01,15:40:56,-07:00,2026-05-01T15:40:56-07:00,1,7
style.css,136,css,3c99ffa5,ryz002-rz,2026-05-01,15:40:56,-07:00,2026-05-01T15:40:56-07:00,1,16
style.css,137,css,3c99ffa5,ryz002-rz,2026-05-01,15:40:56,-07:00,2026-05-01T15:40:56-07:00,0,0
style.css,138,css,3c99ffa5,ryz002-rz,2026-05-01,15:40:56,-07:00,2026-05-01T15:40:56-07:00,0,0
style.css,139,css,3c99ffa5,ryz002-rz,2026-05-01,15:40:56,-07:00,2026-05-01T15:40:56-07:00,0,18
style.css,140,css,3c99ffa5,ryz002-rz,2026-05-01,15:40:56,-07:00,2026-05-01T15:40:56-07:00,1,14
style.css,141,css,3c99ffa5,ryz002-rz,2026-05-01,15:40:56,-07:00,2026-05-01T15:40:56-07:00,1,13
style.css,142,css,3c99ffa5,ryz002-rz,2026-05-01,15:40:56,-07:00,2026-05-01T15:40:56-07:00,1,16
style.css,143,css,3c99ffa5,ryz002-rz,2026-05-01,15:40:56,-07:00,2026-05-01T15:40:56-07:00,0,0
style.css,144,css,3c99ffa5,ryz002-rz,2026-05-01,15:40:56,-07:00,2026-05-01T15:40:56-07:00,0,0
style.css,145,css,3c99ffa5,ryz002-rz,2026-05-01,15:40:56,-07:00,2026-05-01T15:40:56-07:00,0,23
style.css,146,css,3c99ffa5,ryz002-rz,2026-05-01,15:40:56,-07:00,2026-05-01T15:40:56-07:00,1,14
style.css,147,css,3c99ffa5,ryz002-rz,2026-05-01,15:40:56,-07:00,2026-05-01T15:40:56-07:00,1,16
style.css,148,css,3c99ffa5,ryz002-rz,2026-05-01,15:40:56,-07:00,2026-05-01T15:40:56-07:00,1,61
style.css,149,css,3c99ffa5,ryz002-rz,2026-05-01,15:40:56,-07:00,2026-05-01T15:40:56-07:00,1,31
style.css,150,css,3c99ffa5,ryz002-rz,2026-05-01,15:40:56,-07:00,2026-05-01T15:40:56-07:00,0,0
style.css,151,css,3c99ffa5,ryz002-rz,2026-05-01,15:40:56,-07:00,2026-05-01T15:40:56-07:00,0,0
style.css,152,css,3c99ffa5,ryz002-rz,2026-05-01,15:40:56,-07:00,2026-05-01T15:40:56-07:00,0,64
style.css,153,css,3c99ffa5,ryz002-rz,2026-05-01,15:40:56,-07:00,2026-05-01T15:40:56-07:00,0,51
style.css,154,css,3c99ffa5,ryz002-rz,2026-05-01,15:40:56,-07:00,2026-05-01T15:40:56-07:00,1,11
style.css,155,css,3c99ffa5,ryz002-rz,2026-05-01,15:40:56,-07:00,2026-05-01T15:40:56-07:00,0,0
style.css,156,css,3c99ffa5,ryz002-rz,2026-05-01,15:40:56,-07:00,2026-05-01T15:40:56-07:00,0,0
style.css,157,css,3c99ffa5,ryz002-rz,2026-05-01,15:40:56,-07:00,2026-05-01T15:40:56-07:00,0,32
style.css,158,css,3c99ffa5,ryz002-rz,2026-05-01,15:40:56,-07:00,2026-05-01T15:40:56-07:00,0,7
style.css,159,css,3c99ffa5,ryz002-rz,2026-05-01,15:40:56,-07:00,2026-05-01T15:40:56-07:00,1,6
style.css,160,css,3c99ffa5,ryz002-rz,2026-05-01,15:40:56,-07:00,2026-05-01T15:40:56-07:00,1,12
style.css,161,css,3c99ffa5,ryz002-rz,2026-05-01,15:40:56,-07:00,2026-05-01T15:40:56-07:00,1,57
style.css,162,css,3c99ffa5,ryz002-rz,2026-05-01,15:40:56,-07:00,2026-05-01T15:40:56-07:00,1,9
style.css,163,css,3c99ffa5,ryz002-rz,2026-05-01,15:40:56,-07:00,2026-05-01T15:40:56-07:00,1,15
style.css,164,css,3c99ffa5,ryz002-rz,2026-05-01,15:40:56,-07:00,2026-05-01T15:40:56-07:00,1,8
style.css,165,css,3c99ffa5,ryz002-rz,2026-05-01,15:40:56,-07:00,2026-05-01T15:40:56-07:00,1,11
style.css,166,css,3c99ffa5,ryz002-rz,2026-05-01,15:40:56,-07:00,2026-05-01T15:40:56-07:00,1,60
style.css,167,css,3c99ffa5,ryz002-rz,2026-05-01,15:40:56,-07:00,2026-05-01T15:40:56-07:00,1,19
style.css,168,css,3c99ffa5,ryz002-rz,2026-05-01,15:40:56,-07:00,2026-05-01T15:40:56-07:00,0,0
style.css,169,css,3c99ffa5,ryz002-rz,2026-05-01,15:40:56,-07:00,2026-05-01T15:40:56-07:00,0,0
style.css,170,css,3c99ffa5,ryz002-rz,2026-05-01,15:40:56,-07:00,2026-05-01T15:40:56-07:00,0,12
style.css,171,css,3c99ffa5,ryz002-rz,2026-05-01,15:40:56,-07:00,2026-05-01T15:40:56-07:00,1,12
style.css,172,css,3c99ffa5,ryz002-rz,2026-05-01,15:40:56,-07:00,2026-05-01T15:40:56-07:00,1,18
style.css,173,css,3c99ffa5,ryz002-rz,2026-05-01,15:40:56,-07:00,2026-05-01T15:40:56-07:00,1,9
style.css,174,css,3c99ffa5,ryz002-rz,2026-05-01,15:40:56,-07:00,2026-05-01T15:40:56-07:00,1,14
style.css,175,css,3c99ffa5,ryz002-rz,2026-05-01,15:40:56,-07:00,2026-05-01T15:40:56-07:00,0,0
style.css,176,css,3c99ffa5,ryz002-rz,2026-05-01,15:40:56,-07:00,2026-05-01T15:40:56-07:00,0,0
style.css,177,css,3c99ffa5,ryz002-rz,2026-05-01,15:40:56,-07:00,2026-05-01T15:40:56-07:00,0,7
style.css,178,css,3c99ffa5,ryz002-rz,2026-05-01,15:40:56,-07:00,2026-05-01T15:40:56-07:00,1,20
style.css,179,css,3c99ffa5,ryz002-rz,2026-05-01,15:40:56,-07:00,2026-05-01T15:40:56-07:00,1,9
style.css,180,css,3c99ffa5,ryz002-rz,2026-05-01,15:40:56,-07:00,2026-05-01T15:40:56-07:00,1,18
style.css,181,css,3c99ffa5,ryz002-rz,2026-05-01,15:40:56,-07:00,2026-05-01T15:40:56-07:00,1,29
style.css,182,css,3c99ffa5,ryz002-rz,2026-05-01,15:40:56,-07:00,2026-05-01T15:40:56-07:00,1,17
style.css,183,css,3c99ffa5,ryz002-rz,2026-05-01,15:40:56,-07:00,2026-05-01T15:40:56-07:00,1,13
style.css,184,css,3c99ffa5,ryz002-rz,2026-05-01,15:40:56,-07:00,2026-05-01T15:40:56-07:00,0,0
style.css,185,css,3c99ffa5,ryz002-rz,2026-05-01,15:40:56,-07:00,2026-05-01T15:40:56-07:00,0,0
style.css,186,css,3c99ffa5,ryz002-rz,2026-05-01,15:40:56,-07:00,2026-05-01T15:40:56-07:00,0,54
style.css,187,css,3c99ffa5,ryz002-rz,2026-05-01,15:40:56,-07:00,2026-05-01T15:40:56-07:00,0,9
style.css,188,css,3c99ffa5,ryz002-rz,2026-05-01,15:40:56,-07:00,2026-05-01T15:40:56-07:00,1,35
style.css,189,css,3c99ffa5,ryz002-rz,2026-05-01,15:40:56,-07:00,2026-05-01T15:40:56-07:00,0,0
style.css,190,css,3c99ffa5,ryz002-rz,2026-05-01,15:40:56,-07:00,2026-05-01T15:40:56-07:00,0,0
style.css,191,css,3c99ffa5,ryz002-rz,2026-05-01,15:40:56,-07:00,2026-05-01T15:40:56-07:00,0,18
style.css,192,css,3c99ffa5,ryz002-rz,2026-05-01,15:40:56,-07:00,2026-05-01T15:40:56-07:00,1,17
style.css,193,css,3c99ffa5,ryz002-rz,2026-05-01,15:40:56,-07:00,2026-05-01T15:40:56-07:00,0,0
style.css,194,css,3c99ffa5,ryz002-rz,2026-05-01,15:40:56,-07:00,2026-05-01T15:40:56-07:00,0,0
style.css,195,css,3c99ffa5,ryz002-rz,2026-05-01,15:40:56,-07:00,2026-05-01T15:40:56-07:00,0,36
style.css,196,css,3c99ffa5,ryz002-rz,2026-05-01,15:40:56,-07:00,2026-05-01T15:40:56-07:00,0,10
style.css,197,css,3c99ffa5,ryz002-rz,2026-05-01,15:40:56,-07:00,2026-05-01T15:40:56-07:00,1,13
style.css,198,css,3c99ffa5,ryz002-rz,2026-05-01,15:40:56,-07:00,2026-05-01T15:40:56-07:00,1,10
style.css,199,css,3c99ffa5,ryz002-rz,2026-05-01,15:40:56,-07:00,2026-05-01T15:40:56-07:00,1,20
style.css,200,css,3c99ffa5,ryz002-rz,2026-05-01,15:40:56,-07:00,2026-05-01T15:40:56-07:00,1,16
style.css,201,css,3c99ffa5,ryz002-rz,2026-05-01,15:40:56,-07:00,2026-05-01T15:40:56-07:00,1,60
style.css,202,css,3c99ffa5,ryz002-rz,2026-05-01,15:40:56,-07:00,2026-05-01T15:40:56-07:00,1,19
style.css,203,css,3c99ffa5,ryz002-rz,2026-05-01,15:40:56,-07:00,2026-05-01T15:40:56-07:00,1,12
style.css,204,css,3c99ffa5,ryz002-rz,2026-05-01,15:40:56,-07:00,2026-05-01T15:40:56-07:00,0,0
style.css,205,css,3c99ffa5,ryz002-rz,2026-05-01,15:40:56,-07:00,2026-05-01T15:40:56-07:00,0,0
style.css,206,css,3c99ffa5,ryz002-rz,2026-05-01,15:40:56,-07:00,2026-05-01T15:40:56-07:00,0,74
style.css,207,css,3c99ffa5,ryz002-rz,2026-05-01,15:40:56,-07:00,2026-05-01T15:40:56-07:00,0,25
style.css,208,css,3c99ffa5,ryz002-rz,2026-05-01,15:40:56,-07:00,2026-05-01T15:40:56-07:00,1,10
style.css,209,css,3c99ffa5,ryz002-rz,2026-05-01,15:40:56,-07:00,2026-05-01T15:40:56-07:00,2,21
style.css,210,css,3c99ffa5,ryz002-rz,2026-05-01,15:40:56,-07:00,2026-05-01T15:40:56-07:00,2,19
style.css,211,css,3c99ffa5,ryz002-rz,2026-05-01,15:40:56,-07:00,2026-05-01T15:40:56-07:00,1,0
style.css,212,css,3c99ffa5,ryz002-rz,2026-05-01,15:40:56,-07:00,2026-05-01T15:40:56-07:00,1,18
style.css,213,css,3c99ffa5,ryz002-rz,2026-05-01,15:40:56,-07:00,2026-05-01T15:40:56-07:00,2,14
style.css,214,css,3c99ffa5,ryz002-rz,2026-05-01,15:40:56,-07:00,2026-05-01T15:40:56-07:00,2,17
style.css,215,css,3c99ffa5,ryz002-rz,2026-05-01,15:40:56,-07:00,2026-05-01T15:40:56-07:00,1,0
style.css,216,css,3e46cc7a,rz0821,2026-04-03,16:25:11,-07:00,2026-04-03T16:25:11-07:00,0,0
index.js,1,js,fedf3070,rz0821,2026-04-24,18:26:11,-07:00,2026-04-24T18:26:11-07:00,0,71
index.js,2,js,fedf3070,rz0821,2026-04-24,18:26:11,-07:00,2026-04-24T18:26:11-07:00,0,0
index.js,3,js,fedf3070,rz0821,2026-04-24,18:26:11,-07:00,2026-04-24T18:26:11-07:00,0,54
index.js,4,js,fedf3070,rz0821,2026-04-24,18:26:11,-07:00,2026-04-24T18:26:11-07:00,0,60
index.js,5,js,fedf3070,rz0821,2026-04-24,18:26:11,-07:00,2026-04-24T18:26:11-07:00,0,22
index.js,6,js,fedf3070,rz0821,2026-04-24,18:26:11,-07:00,2026-04-24T18:26:11-07:00,1,60
index.js,7,js,fedf3070,rz0821,2026-04-24,18:26:11,-07:00,2026-04-24T18:26:11-07:00,0,0
index.js,8,js,fedf3070,rz0821,2026-04-24,18:26:11,-07:00,2026-04-24T18:26:11-07:00,0,0
index.js,9,js,fedf3070,rz0821,2026-04-24,18:26:11,-07:00,2026-04-24T18:26:11-07:00,0,60
index.js,10,js,fedf3070,rz0821,2026-04-24,18:26:11,-07:00,2026-04-24T18:26:11-07:00,0,17
index.js,11,js,fedf3070,rz0821,2026-04-24,18:26:11,-07:00,2026-04-24T18:26:11-07:00,1,56
index.js,12,js,fedf3070,rz0821,2026-04-24,18:26:11,-07:00,2026-04-24T18:26:11-07:00,1,29
index.js,13,js,fedf3070,rz0821,2026-04-24,18:26:11,-07:00,2026-04-24T18:26:11-07:00,1,77
index.js,14,js,fedf3070,rz0821,2026-04-24,18:26:11,-07:00,2026-04-24T18:26:11-07:00,2,36
index.js,15,js,fedf3070,rz0821,2026-04-24,18:26:11,-07:00,2026-04-24T18:26:11-07:00,2,43
index.js,16,js,fedf3070,rz0821,2026-04-24,18:26:11,-07:00,2026-04-24T18:26:11-07:00,2,21
index.js,17,js,fedf3070,rz0821,2026-04-24,18:26:11,-07:00,2026-04-24T18:26:11-07:00,1,0
index.js,18,js,fedf3070,rz0821,2026-04-24,18:26:11,-07:00,2026-04-24T18:26:11-07:00,0,0
index.html,1,html,3e46cc7a,rz0821,2026-04-03,16:25:11,-07:00,2026-04-03T16:25:11-07:00,0,13
index.html,2,html,3e46cc7a,rz0821,2026-04-03,16:25:11,-07:00,2026-04-03T16:25:11-07:00,0,14
index.html,3,html,3e46cc7a,rz0821,2026-04-03,16:25:11,-07:00,2026-04-03T16:25:11-07:00,0,4
index.html,4,html,3e46cc7a,rz0821,2026-04-03,16:25:11,-07:00,2026-04-03T16:25:11-07:00,1,20
index.html,5,html,3c7a028a,rz0821,2026-04-10,18:59:47,-07:00,2026-04-10T18:59:47-07:00,1,30
index.html,6,html,3e46cc7a,rz0821,2026-04-03,16:25:11,-07:00,2026-04-03T16:25:11-07:00,1,38
index.html,7,html,8f94c102,rz0821,2026-04-17,14:22:55,-07:00,2026-04-17T14:22:55-07:00,1,45
index.html,8,html,3e46cc7a,rz0821,2026-04-03,16:25:11,-07:00,2026-04-03T16:25:11-07:00,0,5
index.html,9,html,3e46cc7a,rz0821,2026-04-03,16:25:11,-07:00,2026-04-03T16:25:11-07:00,0,4
index.html,10,html,3e46cc7a,rz0821,2026-04-03,16:25:11,-07:00,2026-04-03T16:25:11-07:00,0,4
index.html,11,html,3e46cc7a,rz0821,2026-04-03,16:25:11,-07:00,2026-04-03T16:25:11-07:00,1,17
index.html,12,html,3e46cc7a,rz0821,2026-04-03,16:25:11,-07:00,2026-04-03T16:25:11-07:00,1,47
index.html,13,html,3e46cc7a,rz0821,2026-04-03,16:25:11,-07:00,2026-04-03T16:25:11-07:00,1,56
index.html,14,html,3e46cc7a,rz0821,2026-04-03,16:25:11,-07:00,2026-04-03T16:25:11-07:00,1,7
index.html,15,html,3e46cc7a,rz0821,2026-04-03,16:25:11,-07:00,2026-04-03T16:25:11-07:00,2,15
index.html,16,html,3e46cc7a,rz0821,2026-04-03,16:25:11,-07:00,2026-04-03T16:25:11-07:00,2,62
index.html,17,html,3e46cc7a,rz0821,2026-04-03,16:25:11,-07:00,2026-04-03T16:25:11-07:00,1,8
index.html,18,html,fedf3070,rz0821,2026-04-24,18:26:11,-07:00,2026-04-24T18:26:11-07:00,1,7
index.html,19,html,fedf3070,rz0821,2026-04-24,18:26:11,-07:00,2026-04-24T18:26:11-07:00,2,22
index.html,20,html,fedf3070,rz0821,2026-04-24,18:26:11,-07:00,2026-04-24T18:26:11-07:00,2,26
index.html,21,html,fedf3070,rz0821,2026-04-24,18:26:11,-07:00,2026-04-24T18:26:11-07:00,1,8
index.html,22,html,fedf3070,rz0821,2026-04-24,18:26:11,-07:00,2026-04-24T18:26:11-07:00,1,7
index.html,23,html,fedf3070,rz0821,2026-04-24,18:26:11,-07:00,2026-04-24T18:26:11-07:00,2,22
index.html,24,html,fedf3070,rz0821,2026-04-24,18:26:11,-07:00,2026-04-24T18:26:11-07:00,2,28
index.html,25,html,fedf3070,rz0821,2026-04-24,18:26:11,-07:00,2026-04-24T18:26:11-07:00,1,8
index.html,26,html,3e46cc7a,rz0821,2026-04-03,16:25:11,-07:00,2026-04-03T16:25:11-07:00,0,5
index.html,27,html,fedf3070,rz0821,2026-04-24,18:26:11,-07:00,2026-04-24T18:26:11-07:00,0,50
index.html,28,html,3e46cc7a,rz0821,2026-04-03,16:25:11,-07:00,2026-04-03T16:25:11-07:00,0,5
index.html,29,html,3e46cc7a,rz0821,2026-04-03,16:25:11,-07:00,2026-04-03T16:25:11-07:00,0,5
global.js,1,js,03ba9ef2,rz0821,2026-04-17,15:48:54,-07:00,2026-04-17T15:48:54-07:00,0,25
global.js,2,js,8f94c102,rz0821,2026-04-17,14:22:55,-07:00,2026-04-17T14:22:55-07:00,0,0
global.js,3,js,8f94c102,rz0821,2026-04-17,14:22:55,-07:00,2026-04-17T14:22:55-07:00,0,41
global.js,4,js,8f94c102,rz0821,2026-04-17,14:22:55,-07:00,2026-04-17T14:22:55-07:00,1,52
global.js,5,js,8f94c102,rz0821,2026-04-17,14:22:55,-07:00,2026-04-17T14:22:55-07:00,0,0
global.js,6,js,8f94c102,rz0821,2026-04-17,14:22:55,-07:00,2026-04-17T14:22:55-07:00,0,0
global.js,7,js,03ba9ef2,rz0821,2026-04-17,15:48:54,-07:00,2026-04-17T15:48:54-07:00,0,15
global.js,8,js,03ba9ef2,rz0821,2026-04-17,15:48:54,-07:00,2026-04-17T15:48:54-07:00,1,68
global.js,9,js,03ba9ef2,rz0821,2026-04-17,15:48:54,-07:00,2026-04-17T15:48:54-07:00,2,3
global.js,10,js,0306dc1d,rz0821,2026-04-17,16:45:30,-07:00,2026-04-17T16:45:30-07:00,2,14
global.js,11,js,03ba9ef2,rz0821,2026-04-17,15:48:54,-07:00,2026-04-17T15:48:54-07:00,0,0
global.js,12,js,8f94c102,rz0821,2026-04-17,14:22:55,-07:00,2026-04-17T14:22:55-07:00,0,11
global.js,13,js,03ba9ef2,rz0821,2026-04-17,15:48:54,-07:00,2026-04-17T15:48:54-07:00,1,25
global.js,14,js,03ba9ef2,rz0821,2026-04-17,15:48:54,-07:00,2026-04-17T15:48:54-07:00,1,38
global.js,15,js,03ba9ef2,rz0821,2026-04-17,15:48:54,-07:00,2026-04-17T15:48:54-07:00,1,36
global.js,16,js,76ad925f,rz0821,2026-04-17,16:50:37,-07:00,2026-04-17T16:50:37-07:00,1,30
global.js,17,js,03ba9ef2,rz0821,2026-04-17,15:48:54,-07:00,2026-04-17T15:48:54-07:00,1,59
global.js,18,js,8f94c102,rz0821,2026-04-17,14:22:55,-07:00,2026-04-17T14:22:55-07:00,0,0
global.js,19,js,8f94c102,rz0821,2026-04-17,14:22:55,-07:00,2026-04-17T14:22:55-07:00,0,0
global.js,20,js,03ba9ef2,rz0821,2026-04-17,15:48:54,-07:00,2026-04-17T15:48:54-07:00,0,38
global.js,21,js,8f94c102,rz0821,2026-04-17,14:22:55,-07:00,2026-04-17T14:22:55-07:00,0,25
global.js,22,js,8f94c102,rz0821,2026-04-17,14:22:55,-07:00,2026-04-17T14:22:55-07:00,0,0
global.js,23,js,8f94c102,rz0821,2026-04-17,14:22:55,-07:00,2026-04-17T14:22:55-07:00,0,20
global.js,24,js,8f94c102,rz0821,2026-04-17,14:22:55,-07:00,2026-04-17T14:22:55-07:00,1,14
global.js,25,js,8f94c102,rz0821,2026-04-17,14:22:55,-07:00,2026-04-17T14:22:55-07:00,1,18
global.js,26,js,8f94c102,rz0821,2026-04-17,14:22:55,-07:00,2026-04-17T14:22:55-07:00,0,0
global.js,27,js,03ba9ef2,rz0821,2026-04-17,15:48:54,-07:00,2026-04-17T15:48:54-07:00,1,28
global.js,28,js,8f94c102,rz0821,2026-04-17,14:22:55,-07:00,2026-04-17T14:22:55-07:00,2,20
global.js,29,js,8f94c102,rz0821,2026-04-17,14:22:55,-07:00,2026-04-17T14:22:55-07:00,1,0
global.js,30,js,8f94c102,rz0821,2026-04-17,14:22:55,-07:00,2026-04-17T14:22:55-07:00,0,0
global.js,31,js,03ba9ef2,rz0821,2026-04-17,15:48:54,-07:00,2026-04-17T15:48:54-07:00,1,34
global.js,32,js,8f94c102,rz0821,2026-04-17,14:22:55,-07:00,2026-04-17T14:22:55-07:00,1,11
global.js,33,js,8f94c102,rz0821,2026-04-17,14:22:55,-07:00,2026-04-17T14:22:55-07:00,1,20
global.js,34,js,8f94c102,rz0821,2026-04-17,14:22:55,-07:00,2026-04-17T14:22:55-07:00,0,0
global.js,35,js,03ba9ef2,rz0821,2026-04-17,15:48:54,-07:00,2026-04-17T15:48:54-07:00,1,17
global.js,36,js,03ba9ef2,rz0821,2026-04-17,15:48:54,-07:00,2026-04-17T15:48:54-07:00,2,8
global.js,37,js,03ba9ef2,rz0821,2026-04-17,15:48:54,-07:00,2026-04-17T15:48:54-07:00,2,58
global.js,38,js,03ba9ef2,rz0821,2026-04-17,15:48:54,-07:00,2026-04-17T15:48:54-07:00,1,0
global.js,39,js,8f94c102,rz0821,2026-04-17,14:22:55,-07:00,2026-04-17T14:22:55-07:00,0,0
global.js,40,js,8f94c102,rz0821,2026-04-17,14:22:55,-07:00,2026-04-17T14:22:55-07:00,1,29
global.js,41,js,03ba9ef2,rz0821,2026-04-17,15:48:54,-07:00,2026-04-17T15:48:54-07:00,2,18
global.js,42,js,8f94c102,rz0821,2026-04-17,14:22:55,-07:00,2026-04-17T14:22:55-07:00,1,0
global.js,43,js,8f94c102,rz0821,2026-04-17,14:22:55,-07:00,2026-04-17T14:22:55-07:00,0,0
global.js,44,js,8f94c102,rz0821,2026-04-17,14:22:55,-07:00,2026-04-17T14:22:55-07:00,1,12
global.js,45,js,8f94c102,rz0821,2026-04-17,14:22:55,-07:00,2026-04-17T14:22:55-07:00,0,0
global.js,46,js,8f94c102,rz0821,2026-04-17,14:22:55,-07:00,2026-04-17T14:22:55-07:00,0,0
global.js,47,js,76ad925f,rz0821,2026-04-17,16:50:37,-07:00,2026-04-17T16:50:37-07:00,0,53
global.js,48,js,76ad925f,rz0821,2026-04-17,16:50:37,-07:00,2026-04-17T16:50:37-07:00,0,21
global.js,49,js,76ad925f,rz0821,2026-04-17,16:50:37,-07:00,2026-04-17T16:50:37-07:00,1,10
global.js,50,js,03ba9ef2,rz0821,2026-04-17,15:48:54,-07:00,2026-04-17T15:48:54-07:00,1,27
global.js,51,js,8f94c102,rz0821,2026-04-17,14:22:55,-07:00,2026-04-17T14:22:55-07:00,2,4
global.js,52,js,8f94c102,rz0821,2026-04-17,14:22:55,-07:00,2026-04-17T14:22:55-07:00,2,6
global.js,53,js,8f94c102,rz0821,2026-04-17,14:22:55,-07:00,2026-04-17T14:22:55-07:00,3,43
global.js,54,js,8f94c102,rz0821,2026-04-17,14:22:55,-07:00,2026-04-17T14:22:55-07:00,3,34
global.js,55,js,8f94c102,rz0821,2026-04-17,14:22:55,-07:00,2026-04-17T14:22:55-07:00,3,32
global.js,56,js,8f94c102,rz0821,2026-04-17,14:22:55,-07:00,2026-04-17T14:22:55-07:00,2,7
global.js,57,js,8f94c102,rz0821,2026-04-17,14:22:55,-07:00,2026-04-17T14:22:55-07:00,1,7
global.js,58,js,8f94c102,rz0821,2026-04-17,14:22:55,-07:00,2026-04-17T14:22:55-07:00,0,0
global.js,59,js,8f94c102,rz0821,2026-04-17,14:22:55,-07:00,2026-04-17T14:22:55-07:00,0,0
global.js,60,js,03ba9ef2,rz0821,2026-04-17,15:48:54,-07:00,2026-04-17T15:48:54-07:00,0,60
global.js,61,js,03ba9ef2,rz0821,2026-04-17,15:48:54,-07:00,2026-04-17T15:48:54-07:00,0,0
global.js,62,js,03ba9ef2,rz0821,2026-04-17,15:48:54,-07:00,2026-04-17T15:48:54-07:00,0,30
global.js,63,js,03ba9ef2,rz0821,2026-04-17,15:48:54,-07:00,2026-04-17T15:48:54-07:00,1,64
global.js,64,js,03ba9ef2,rz0821,2026-04-17,15:48:54,-07:00,2026-04-17T15:48:54-07:00,1,19
global.js,65,js,03ba9ef2,rz0821,2026-04-17,15:48:54,-07:00,2026-04-17T15:48:54-07:00,0,0
global.js,66,js,8f94c102,rz0821,2026-04-17,14:22:55,-07:00,2026-04-17T14:22:55-07:00,0,0
global.js,67,js,8f94c102,rz0821,2026-04-17,14:22:55,-07:00,2026-04-17T14:22:55-07:00,0,34
global.js,68,js,03ba9ef2,rz0821,2026-04-17,15:48:54,-07:00,2026-04-17T15:48:54-07:00,1,39
global.js,69,js,8f94c102,rz0821,2026-04-17,14:22:55,-07:00,2026-04-17T14:22:55-07:00,0,0
global.js,70,js,8f94c102,rz0821,2026-04-17,14:22:55,-07:00,2026-04-17T14:22:55-07:00,0,0
global.js,71,js,03ba9ef2,rz0821,2026-04-17,15:48:54,-07:00,2026-04-17T15:48:54-07:00,0,49
global.js,72,js,03ba9ef2,rz0821,2026-04-17,15:48:54,-07:00,2026-04-17T15:48:54-07:00,1,31
global.js,73,js,03ba9ef2,rz0821,2026-04-17,15:48:54,-07:00,2026-04-17T15:48:54-07:00,1,31
global.js,74,js,03ba9ef2,rz0821,2026-04-17,15:48:54,-07:00,2026-04-17T15:48:54-07:00,1,20
global.js,75,js,8f94c102,rz0821,2026-04-17,14:22:55,-07:00,2026-04-17T14:22:55-07:00,0,1
global.js,76,js,8f94c102,rz0821,2026-04-17,14:22:55,-07:00,2026-04-17T14:22:55-07:00,0,0
global.js,77,js,03ba9ef2,rz0821,2026-04-17,15:48:54,-07:00,2026-04-17T15:48:54-07:00,0,42
global.js,78,js,03ba9ef2,rz0821,2026-04-17,15:48:54,-07:00,2026-04-17T15:48:54-07:00,0,0
global.js,79,js,03ba9ef2,rz0821,2026-04-17,15:48:54,-07:00,2026-04-17T15:48:54-07:00,0,49
global.js,80,js,03ba9ef2,rz0821,2026-04-17,15:48:54,-07:00,2026-04-17T15:48:54-07:00,1,21
global.js,81,js,03ba9ef2,rz0821,2026-04-17,15:48:54,-07:00,2026-04-17T15:48:54-07:00,0,0
global.js,82,js,03ba9ef2,rz0821,2026-04-17,15:48:54,-07:00,2026-04-17T15:48:54-07:00,1,30
global.js,83,js,8f94c102,rz0821,2026-04-17,14:22:55,-07:00,2026-04-17T14:22:55-07:00,1,26
global.js,84,js,03ba9ef2,rz0821,2026-04-17,15:48:54,-07:00,2026-04-17T15:48:54-07:00,1,14
global.js,85,js,03ba9ef2,rz0821,2026-04-17,15:48:54,-07:00,2026-04-17T15:48:54-07:00,0,0
global.js,86,js,8f94c102,rz0821,2026-04-17,14:22:55,-07:00,2026-04-17T14:22:55-07:00,1,31
global.js,87,js,03ba9ef2,rz0821,2026-04-17,15:48:54,-07:00,2026-04-17T15:48:54-07:00,2,50
global.js,88,js,8f94c102,rz0821,2026-04-17,14:22:55,-07:00,2026-04-17T14:22:55-07:00,1,0
global.js,89,js,03ba9ef2,rz0821,2026-04-17,15:48:54,-07:00,2026-04-17T15:48:54-07:00,0,0
global.js,90,js,03ba9ef2,rz0821,2026-04-17,15:48:54,-07:00,2026-04-17T15:48:54-07:00,1,22
global.js,91,js,03ba9ef2,rz0821,2026-04-17,15:48:54,-07:00,2026-04-17T15:48:54-07:00,1,18
global.js,92,js,fedf3070,rz0821,2026-04-24,18:26:11,-07:00,2026-04-24T18:26:11-07:00,0,1
global.js,93,js,fedf3070,rz0821,2026-04-24,18:26:11,-07:00,2026-04-24T18:26:11-07:00,0,0
global.js,94,js,fedf3070,rz0821,2026-04-24,18:26:11,-07:00,2026-04-24T18:26:11-07:00,0,36
global.js,95,js,fedf3070,rz0821,2026-04-24,18:26:11,-07:00,2026-04-24T18:26:11-07:00,1,32
global.js,96,js,fedf3070,rz0821,2026-04-24,18:26:11,-07:00,2026-04-24T18:26:11-07:00,1,17
global.js,97,js,fedf3070,rz0821,2026-04-24,18:26:11,-07:00,2026-04-24T18:26:11-07:00,2,65
global.js,98,js,fedf3070,rz0821,2026-04-24,18:26:11,-07:00,2026-04-24T18:26:11-07:00,1,0
global.js,99,js,fedf3070,rz0821,2026-04-24,18:26:11,-07:00,2026-04-24T18:26:11-07:00,1,21
global.js,100,js,fedf3070,rz0821,2026-04-24,18:26:11,-07:00,2026-04-24T18:26:11-07:00,0,0
global.js,101,js,fedf3070,rz0821,2026-04-24,18:26:11,-07:00,2026-04-24T18:26:11-07:00,0,0
global.js,102,js,fedf3070,rz0821,2026-04-24,18:26:11,-07:00,2026-04-24T18:26:11-07:00,0,29
global.js,103,js,fedf3070,rz0821,2026-04-24,18:26:11,-07:00,2026-04-24T18:26:11-07:00,1,7
global.js,104,js,fedf3070,rz0821,2026-04-24,18:26:11,-07:00,2026-04-24T18:26:11-07:00,1,15
global.js,105,js,fedf3070,rz0821,2026-04-24,18:26:11,-07:00,2026-04-24T18:26:11-07:00,1,17
global.js,106,js,fedf3070,rz0821,2026-04-24,18:26:11,-07:00,2026-04-24T18:26:11-07:00,0,1
global.js,107,js,fedf3070,rz0821,2026-04-24,18:26:11,-07:00,2026-04-24T18:26:11-07:00,1,33
global.js,108,js,fedf3070,rz0821,2026-04-24,18:26:11,-07:00,2026-04-24T18:26:11-07:00,1,31
global.js,109,js,fedf3070,rz0821,2026-04-24,18:26:11,-07:00,2026-04-24T18:26:11-07:00,2,48
global.js,110,js,3c99ffa5,ryz002-rz,2026-05-01,15:40:56,-07:00,2026-05-01T15:40:56-07:00,0,0
global.js,111,js,fedf3070,rz0821,2026-04-24,18:26:11,-07:00,2026-04-24T18:26:11-07:00,2,51
global.js,112,js,fedf3070,rz0821,2026-04-24,18:26:11,-07:00,2026-04-24T18:26:11-07:00,2,40
global.js,113,js,3c99ffa5,ryz002-rz,2026-05-01,15:40:56,-07:00,2026-05-01T15:40:56-07:00,0,0
global.js,114,js,fedf3070,rz0821,2026-04-24,18:26:11,-07:00,2026-04-24T18:26:11-07:00,2,40
global.js,115,js,fedf3070,rz0821,2026-04-24,18:26:11,-07:00,2026-04-24T18:26:11-07:00,2,28
global.js,116,js,fedf3070,rz0821,2026-04-24,18:26:11,-07:00,2026-04-24T18:26:11-07:00,2,28
global.js,117,js,3c99ffa5,ryz002-rz,2026-05-01,15:40:56,-07:00,2026-05-01T15:40:56-07:00,0,0
global.js,118,js,3c99ffa5,ryz002-rz,2026-05-01,15:40:56,-07:00,2026-05-01T15:40:56-07:00,2,72
global.js,119,js,3c99ffa5,ryz002-rz,2026-05-01,15:40:56,-07:00,2026-05-01T15:40:56-07:00,2,45
global.js,120,js,3c99ffa5,ryz002-rz,2026-05-01,15:40:56,-07:00,2026-05-01T15:40:56-07:00,2,37
global.js,121,js,3c99ffa5,ryz002-rz,2026-05-01,15:40:56,-07:00,2026-05-01T15:40:56-07:00,0,0
global.js,122,js,fedf3070,rz0821,2026-04-24,18:26:11,-07:00,2026-04-24T18:26:11-07:00,2,36
global.js,123,js,fedf3070,rz0821,2026-04-24,18:26:11,-07:00,2026-04-24T18:26:11-07:00,2,40
global.js,124,js,3c99ffa5,ryz002-rz,2026-05-01,15:40:56,-07:00,2026-05-01T15:40:56-07:00,0,0
global.js,125,js,3c99ffa5,ryz002-rz,2026-05-01,15:40:56,-07:00,2026-05-01T15:40:56-07:00,2,41
global.js,126,js,3c99ffa5,ryz002-rz,2026-05-01,15:40:56,-07:00,2026-05-01T15:40:56-07:00,2,35
global.js,127,js,3c99ffa5,ryz002-rz,2026-05-01,15:40:56,-07:00,2026-05-01T15:40:56-07:00,2,60
global.js,128,js,3c99ffa5,ryz002-rz,2026-05-01,15:40:56,-07:00,2026-05-01T15:40:56-07:00,0,0
global.js,129,js,3c99ffa5,ryz002-rz,2026-05-01,15:40:56,-07:00,2026-05-01T15:40:56-07:00,2,25
global.js,130,js,3c99ffa5,ryz002-rz,2026-05-01,15:40:56,-07:00,2026-05-01T15:40:56-07:00,0,0
global.js,131,js,3c99ffa5,ryz002-rz,2026-05-01,15:40:56,-07:00,2026-05-01T15:40:56-07:00,2,37
global.js,132,js,fedf3070,rz0821,2026-04-24,18:26:11,-07:00,2026-04-24T18:26:11-07:00,2,31
global.js,133,js,fedf3070,rz0821,2026-04-24,18:26:11,-07:00,2026-04-24T18:26:11-07:00,1,0
global.js,134,js,fedf3070,rz0821,2026-04-24,18:26:11,-07:00,2026-04-24T18:26:11-07:00,0,0
global.js,135,js,fedf3070,rz0821,2026-04-24,18:26:11,-07:00,2026-04-24T18:26:11-07:00,0,0
global.js,136,js,fedf3070,rz0821,2026-04-24,18:26:11,-07:00,2026-04-24T18:26:11-07:00,0,47
global.js,137,js,fedf3070,rz0821,2026-04-24,18:26:11,-07:00,2026-04-24T18:26:11-07:00,1,79
global.js,138,js,fedf3070,rz0821,2026-04-24,18:26:11,-07:00,2026-04-24T18:26:11-07:00,0,0
resume/index.html,1,html,3e46cc7a,rz0821,2026-04-03,16:25:11,-07:00,2026-04-03T16:25:11-07:00,0,13
resume/index.html,2,html,3e46cc7a,rz0821,2026-04-03,16:25:11,-07:00,2026-04-03T16:25:11-07:00,0,14
resume/index.html,3,html,3e46cc7a,rz0821,2026-04-03,16:25:11,-07:00,2026-04-03T16:25:11-07:00,0,4
resume/index.html,4,html,3e46cc7a,rz0821,2026-04-03,16:25:11,-07:00,2026-04-03T16:25:11-07:00,1,20
resume/index.html,5,html,3e46cc7a,rz0821,2026-04-03,16:25:11,-07:00,2026-04-03T16:25:11-07:00,1,32
resume/index.html,6,html,3e46cc7a,rz0821,2026-04-03,16:25:11,-07:00,2026-04-03T16:25:11-07:00,1,68
resume/index.html,7,html,3e46cc7a,rz0821,2026-04-03,16:25:11,-07:00,2026-04-03T16:25:11-07:00,1,41
resume/index.html,8,html,8f94c102,rz0821,2026-04-17,14:22:55,-07:00,2026-04-17T14:22:55-07:00,1,48
resume/index.html,9,html,3e46cc7a,rz0821,2026-04-03,16:25:11,-07:00,2026-04-03T16:25:11-07:00,0,5
resume/index.html,10,html,3e46cc7a,rz0821,2026-04-03,16:25:11,-07:00,2026-04-03T16:25:11-07:00,0,4
resume/index.html,11,html,3e46cc7a,rz0821,2026-04-03,16:25:11,-07:00,2026-04-03T16:25:11-07:00,0,4
resume/index.html,12,html,3e46cc7a,rz0821,2026-04-03,16:25:11,-07:00,2026-04-03T16:25:11-07:00,1,6
resume/index.html,13,html,3e46cc7a,rz0821,2026-04-03,16:25:11,-07:00,2026-04-03T16:25:11-07:00,2,17
resume/index.html,14,html,3e46cc7a,rz0821,2026-04-03,16:25:11,-07:00,2026-04-03T16:25:11-07:00,2,39
resume/index.html,15,html,3e46cc7a,rz0821,2026-04-03,16:25:11,-07:00,2026-04-03T16:25:11-07:00,1,7
resume/index.html,16,html,3e46cc7a,rz0821,2026-04-03,16:25:11,-07:00,2026-04-03T16:25:11-07:00,1,7
resume/index.html,17,html,3e46cc7a,rz0821,2026-04-03,16:25:11,-07:00,2026-04-03T16:25:11-07:00,2,16
resume/index.html,18,html,3e46cc7a,rz0821,2026-04-03,16:25:11,-07:00,2026-04-03T16:25:11-07:00,2,7
resume/index.html,19,html,3e46cc7a,rz0821,2026-04-03,16:25:11,-07:00,2026-04-03T16:25:11-07:00,3,48
resume/index.html,20,html,3e46cc7a,rz0821,2026-04-03,16:25:11,-07:00,2026-04-03T16:25:11-07:00,3,119
resume/index.html,21,html,3e46cc7a,rz0821,2026-04-03,16:25:11,-07:00,2026-04-03T16:25:11-07:00,3,97
resume/index.html,22,html,3e46cc7a,rz0821,2026-04-03,16:25:11,-07:00,2026-04-03T16:25:11-07:00,2,8
resume/index.html,23,html,3e46cc7a,rz0821,2026-04-03,16:25:11,-07:00,2026-04-03T16:25:11-07:00,1,8
resume/index.html,24,html,3e46cc7a,rz0821,2026-04-03,16:25:11,-07:00,2026-04-03T16:25:11-07:00,1,7
resume/index.html,25,html,3e46cc7a,rz0821,2026-04-03,16:25:11,-07:00,2026-04-03T16:25:11-07:00,2,17
resume/index.html,26,html,3e46cc7a,rz0821,2026-04-03,16:25:11,-07:00,2026-04-03T16:25:11-07:00,2,7
resume/index.html,27,html,3e46cc7a,rz0821,2026-04-03,16:25:11,-07:00,2026-04-03T16:25:11-07:00,3,38
resume/index.html,28,html,3e46cc7a,rz0821,2026-04-03,16:25:11,-07:00,2026-04-03T16:25:11-07:00,3,44
resume/index.html,29,html,3e46cc7a,rz0821,2026-04-03,16:25:11,-07:00,2026-04-03T16:25:11-07:00,3,79
resume/index.html,30,html,3e46cc7a,rz0821,2026-04-03,16:25:11,-07:00,2026-04-03T16:25:11-07:00,2,8
resume/index.html,31,html,3e46cc7a,rz0821,2026-04-03,16:25:11,-07:00,2026-04-03T16:25:11-07:00,2,7
resume/index.html,32,html,3e46cc7a,rz0821,2026-04-03,16:25:11,-07:00,2026-04-03T16:25:11-07:00,3,26
resume/index.html,33,html,3e46cc7a,rz0821,2026-04-03,16:25:11,-07:00,2026-04-03T16:25:11-07:00,3,75
resume/index.html,34,html,3e46cc7a,rz0821,2026-04-03,16:25:11,-07:00,2026-04-03T16:25:11-07:00,3,215
resume/index.html,35,html,3e46cc7a,rz0821,2026-04-03,16:25:11,-07:00,2026-04-03T16:25:11-07:00,2,8
resume/index.html,36,html,3e46cc7a,rz0821,2026-04-03,16:25:11,-07:00,2026-04-03T16:25:11-07:00,2,7
resume/index.html,37,html,3e46cc7a,rz0821,2026-04-03,16:25:11,-07:00,2026-04-03T16:25:11-07:00,3,43
resume/index.html,38,html,3e46cc7a,rz0821,2026-04-03,16:25:11,-07:00,2026-04-03T16:25:11-07:00,3,79
resume/index.html,39,html,3e46cc7a,rz0821,2026-04-03,16:25:11,-07:00,2026-04-03T16:25:11-07:00,3,152
resume/index.html,40,html,3e46cc7a,rz0821,2026-04-03,16:25:11,-07:00,2026-04-03T16:25:11-07:00,2,8
resume/index.html,41,html,3e46cc7a,rz0821,2026-04-03,16:25:11,-07:00,2026-04-03T16:25:11-07:00,1,8
resume/index.html,42,html,3e46cc7a,rz0821,2026-04-03,16:25:11,-07:00,2026-04-03T16:25:11-07:00,1,7
resume/index.html,43,html,3e46cc7a,rz0821,2026-04-03,16:25:11,-07:00,2026-04-03T16:25:11-07:00,2,28
resume/index.html,44,html,3e46cc7a,rz0821,2026-04-03,16:25:11,-07:00,2026-04-03T16:25:11-07:00,2,7
resume/index.html,45,html,3e46cc7a,rz0821,2026-04-03,16:25:11,-07:00,2026-04-03T16:25:11-07:00,3,42
resume/index.html,46,html,3e46cc7a,rz0821,2026-04-03,16:25:11,-07:00,2026-04-03T16:25:11-07:00,3,58
resume/index.html,47,html,3e46cc7a,rz0821,2026-04-03,16:25:11,-07:00,2026-04-03T16:25:11-07:00,3,198
resume/index.html,48,html,3e46cc7a,rz0821,2026-04-03,16:25:11,-07:00,2026-04-03T16:25:11-07:00,2,8
resume/index.html,49,html,3e46cc7a,rz0821,2026-04-03,16:25:11,-07:00,2026-04-03T16:25:11-07:00,2,7
resume/index.html,50,html,3e46cc7a,rz0821,2026-04-03,16:25:11,-07:00,2026-04-03T16:25:11-07:00,3,54
resume/index.html,51,html,3e46cc7a,rz0821,2026-04-03,16:25:11,-07:00,2026-04-03T16:25:11-07:00,3,53
resume/index.html,52,html,3e46cc7a,rz0821,2026-04-03,16:25:11,-07:00,2026-04-03T16:25:11-07:00,3,180
resume/index.html,53,html,3e46cc7a,rz0821,2026-04-03,16:25:11,-07:00,2026-04-03T16:25:11-07:00,2,8
resume/index.html,54,html,3e46cc7a,rz0821,2026-04-03,16:25:11,-07:00,2026-04-03T16:25:11-07:00,1,8
resume/index.html,55,html,3e46cc7a,rz0821,2026-04-03,16:25:11,-07:00,2026-04-03T16:25:11-07:00,1,7
resume/index.html,56,html,3e46cc7a,rz0821,2026-04-03,16:25:11,-07:00,2026-04-03T16:25:11-07:00,2,23
resume/index.html,57,html,3e46cc7a,rz0821,2026-04-03,16:25:11,-07:00,2026-04-03T16:25:11-07:00,2,110
resume/index.html,58,html,3e46cc7a,rz0821,2026-04-03,16:25:11,-07:00,2026-04-03T16:25:11-07:00,2,106
resume/index.html,59,html,3e46cc7a,rz0821,2026-04-03,16:25:11,-07:00,2026-04-03T16:25:11-07:00,2,103
resume/index.html,60,html,3e46cc7a,rz0821,2026-04-03,16:25:11,-07:00,2026-04-03T16:25:11-07:00,1,8
resume/index.html,61,html,3e46cc7a,rz0821,2026-04-03,16:25:11,-07:00,2026-04-03T16:25:11-07:00,0,5
resume/index.html,62,html,3e46cc7a,rz0821,2026-04-03,16:25:11,-07:00,2026-04-03T16:25:11-07:00,0,5
resume/index.html,63,html,3c7a028a,rz0821,2026-04-10,18:59:47,-07:00,2026-04-10T18:59:47-07:00,0,5
projects/projects.js,1,js,fedf3070,rz0821,2026-04-24,18:26:11,-07:00,2026-04-24T18:26:11-07:00,0,55
projects/projects.js,2,js,3c99ffa5,ryz002-rz,2026-05-01,15:40:56,-07:00,2026-05-01T15:40:56-07:00,0,63
projects/projects.js,3,js,fedf3070,rz0821,2026-04-24,18:26:11,-07:00,2026-04-24T18:26:11-07:00,0,0
projects/projects.js,4,js,3c99ffa5,ryz002-rz,2026-05-01,15:40:56,-07:00,2026-05-01T15:40:56-07:00,0,32
projects/projects.js,5,js,fedf3070,rz0821,2026-04-24,18:26:11,-07:00,2026-04-24T18:26:11-07:00,0,55
projects/projects.js,6,js,3c99ffa5,ryz002-rz,2026-05-01,15:40:56,-07:00,2026-05-01T15:40:56-07:00,0,60
projects/projects.js,7,js,fedf3070,rz0821,2026-04-24,18:26:11,-07:00,2026-04-24T18:26:11-07:00,0,56
projects/projects.js,8,js,fedf3070,rz0821,2026-04-24,18:26:11,-07:00,2026-04-24T18:26:11-07:00,0,0
projects/projects.js,9,js,3c99ffa5,ryz002-rz,2026-05-01,15:40:56,-07:00,2026-05-01T15:40:56-07:00,0,15
projects/projects.js,10,js,3c99ffa5,ryz002-rz,2026-05-01,15:40:56,-07:00,2026-05-01T15:40:56-07:00,0,22
projects/projects.js,11,js,3c99ffa5,ryz002-rz,2026-05-01,15:40:56,-07:00,2026-05-01T15:40:56-07:00,1,48
projects/projects.js,12,js,fedf3070,rz0821,2026-04-24,18:26:11,-07:00,2026-04-24T18:26:11-07:00,0,0
projects/projects.js,13,js,fedf3070,rz0821,2026-04-24,18:26:11,-07:00,2026-04-24T18:26:11-07:00,0,12
projects/projects.js,14,js,fedf3070,rz0821,2026-04-24,18:26:11,-07:00,2026-04-24T18:26:11-07:00,1,50
projects/projects.js,15,js,fedf3070,rz0821,2026-04-24,18:26:11,-07:00,2026-04-24T18:26:11-07:00,0,0
projects/projects.js,16,js,3c99ffa5,ryz002-rz,2026-05-01,15:40:56,-07:00,2026-05-01T15:40:56-07:00,0,0
projects/projects.js,17,js,3c99ffa5,ryz002-rz,2026-05-01,15:40:56,-07:00,2026-05-01T15:40:56-07:00,0,28
projects/projects.js,18,js,3c99ffa5,ryz002-rz,2026-05-01,15:40:56,-07:00,2026-05-01T15:40:56-07:00,0,13
projects/projects.js,19,js,3c99ffa5,ryz002-rz,2026-05-01,15:40:56,-07:00,2026-05-01T15:40:56-07:00,0,21
projects/projects.js,20,js,3c99ffa5,ryz002-rz,2026-05-01,15:40:56,-07:00,2026-05-01T15:40:56-07:00,0,0
projects/projects.js,21,js,3c99ffa5,ryz002-rz,2026-05-01,15:40:56,-07:00,2026-05-01T15:40:56-07:00,0,31
projects/projects.js,22,js,3c99ffa5,ryz002-rz,2026-05-01,15:40:56,-07:00,2026-05-01T15:40:56-07:00,0,49
projects/projects.js,23,js,3c99ffa5,ryz002-rz,2026-05-01,15:40:56,-07:00,2026-05-01T15:40:56-07:00,0,59
projects/projects.js,24,js,3c99ffa5,ryz002-rz,2026-05-01,15:40:56,-07:00,2026-05-01T15:40:56-07:00,0,52
projects/projects.js,25,js,3c99ffa5,ryz002-rz,2026-05-01,15:40:56,-07:00,2026-05-01T15:40:56-07:00,0,0
projects/projects.js,26,js,3c99ffa5,ryz002-rz,2026-05-01,15:40:56,-07:00,2026-05-01T15:40:56-07:00,0,41
projects/projects.js,27,js,3c99ffa5,ryz002-rz,2026-05-01,15:40:56,-07:00,2026-05-01T15:40:56-07:00,0,85
projects/projects.js,28,js,3c99ffa5,ryz002-rz,2026-05-01,15:40:56,-07:00,2026-05-01T15:40:56-07:00,0,38
projects/projects.js,29,js,3c99ffa5,ryz002-rz,2026-05-01,15:40:56,-07:00,2026-05-01T15:40:56-07:00,1,33
projects/projects.js,30,js,3c99ffa5,ryz002-rz,2026-05-01,15:40:56,-07:00,2026-05-01T15:40:56-07:00,1,28
projects/projects.js,31,js,3c99ffa5,ryz002-rz,2026-05-01,15:40:56,-07:00,2026-05-01T15:40:56-07:00,2,12
projects/projects.js,32,js,3c99ffa5,ryz002-rz,2026-05-01,15:40:56,-07:00,2026-05-01T15:40:56-07:00,2,14
projects/projects.js,33,js,3c99ffa5,ryz002-rz,2026-05-01,15:40:56,-07:00,2026-05-01T15:40:56-07:00,2,11
projects/projects.js,34,js,3c99ffa5,ryz002-rz,2026-05-01,15:40:56,-07:00,2026-05-01T15:40:56-07:00,1,0
projects/projects.js,35,js,3c99ffa5,ryz002-rz,2026-05-01,15:40:56,-07:00,2026-05-01T15:40:56-07:00,0,0
projects/projects.js,36,js,3c99ffa5,ryz002-rz,2026-05-01,15:40:56,-07:00,2026-05-01T15:40:56-07:00,1,59
projects/projects.js,37,js,3c99ffa5,ryz002-rz,2026-05-01,15:40:56,-07:00,2026-05-01T15:40:56-07:00,1,37
projects/projects.js,38,js,3c99ffa5,ryz002-rz,2026-05-01,15:40:56,-07:00,2026-05-01T15:40:56-07:00,0,0
projects/projects.js,39,js,3c99ffa5,ryz002-rz,2026-05-01,15:40:56,-07:00,2026-05-01T15:40:56-07:00,1,60
projects/projects.js,40,js,3c99ffa5,ryz002-rz,2026-05-01,15:40:56,-07:00,2026-05-01T15:40:56-07:00,1,47
projects/projects.js,41,js,3c99ffa5,ryz002-rz,2026-05-01,15:40:56,-07:00,2026-05-01T15:40:56-07:00,2,11
projects/projects.js,42,js,3c99ffa5,ryz002-rz,2026-05-01,15:40:56,-07:00,2026-05-01T15:40:56-07:00,2,10
projects/projects.js,43,js,3c99ffa5,ryz002-rz,2026-05-01,15:40:56,-07:00,2026-05-01T15:40:56-07:00,1,2
projects/projects.js,44,js,3c99ffa5,ryz002-rz,2026-05-01,15:40:56,-07:00,2026-05-01T15:40:56-07:00,0,0
projects/projects.js,45,js,3c99ffa5,ryz002-rz,2026-05-01,15:40:56,-07:00,2026-05-01T15:40:56-07:00,1,33
projects/projects.js,46,js,3c99ffa5,ryz002-rz,2026-05-01,15:40:56,-07:00,2026-05-01T15:40:56-07:00,1,35
projects/projects.js,47,js,3c99ffa5,ryz002-rz,2026-05-01,15:40:56,-07:00,2026-05-01T15:40:56-07:00,1,47
projects/projects.js,48,js,3c99ffa5,ryz002-rz,2026-05-01,15:40:56,-07:00,2026-05-01T15:40:56-07:00,0,0
projects/projects.js,49,js,3c99ffa5,ryz002-rz,2026-05-01,15:40:56,-07:00,2026-05-01T15:40:56-07:00,1,42
projects/projects.js,50,js,3c99ffa5,ryz002-rz,2026-05-01,15:40:56,-07:00,2026-05-01T15:40:56-07:00,1,42
projects/projects.js,51,js,3c99ffa5,ryz002-rz,2026-05-01,15:40:56,-07:00,2026-05-01T15:40:56-07:00,1,29
projects/projects.js,52,js,3c99ffa5,ryz002-rz,2026-05-01,15:40:56,-07:00,2026-05-01T15:40:56-07:00,0,0
projects/projects.js,53,js,3c99ffa5,ryz002-rz,2026-05-01,15:40:56,-07:00,2026-05-01T15:40:56-07:00,1,34
projects/projects.js,54,js,3c99ffa5,ryz002-rz,2026-05-01,15:40:56,-07:00,2026-05-01T15:40:56-07:00,1,30
projects/projects.js,55,js,3c99ffa5,ryz002-rz,2026-05-01,15:40:56,-07:00,2026-05-01T15:40:56-07:00,0,0
projects/projects.js,56,js,3c99ffa5,ryz002-rz,2026-05-01,15:40:56,-07:00,2026-05-01T15:40:56-07:00,1,12
projects/projects.js,57,js,3c99ffa5,ryz002-rz,2026-05-01,15:40:56,-07:00,2026-05-01T15:40:56-07:00,1,24
projects/projects.js,58,js,3c99ffa5,ryz002-rz,2026-05-01,15:40:56,-07:00,2026-05-01T15:40:56-07:00,2,1
projects/projects.js,59,js,3c99ffa5,ryz002-rz,2026-05-01,15:40:56,-07:00,2026-05-01T15:40:56-07:00,3,13
projects/projects.js,60,js,3c99ffa5,ryz002-rz,2026-05-01,15:40:56,-07:00,2026-05-01T15:40:56-07:00,3,13
projects/projects.js,61,js,3c99ffa5,ryz002-rz,2026-05-01,15:40:56,-07:00,2026-05-01T15:40:56-07:00,3,22
projects/projects.js,62,js,3c99ffa5,ryz002-rz,2026-05-01,15:40:56,-07:00,2026-05-01T15:40:56-07:00,3,51
projects/projects.js,63,js,3c99ffa5,ryz002-rz,2026-05-01,15:40:56,-07:00,2026-05-01T15:40:56-07:00,3,18
projects/projects.js,64,js,3c99ffa5,ryz002-rz,2026-05-01,15:40:56,-07:00,2026-05-01T15:40:56-07:00,4,43
projects/projects.js,65,js,3c99ffa5,ryz002-rz,2026-05-01,15:40:56,-07:00,2026-05-01T15:40:56-07:00,0,0
projects/projects.js,66,js,3c99ffa5,ryz002-rz,2026-05-01,15:40:56,-07:00,2026-05-01T15:40:56-07:00,4,21
projects/projects.js,67,js,3c99ffa5,ryz002-rz,2026-05-01,15:40:56,-07:00,2026-05-01T15:40:56-07:00,4,1
projects/projects.js,68,js,3c99ffa5,ryz002-rz,2026-05-01,15:40:56,-07:00,2026-05-01T15:40:56-07:00,5,16
projects/projects.js,69,js,3c99ffa5,ryz002-rz,2026-05-01,15:40:56,-07:00,2026-05-01T15:40:56-07:00,5,68
projects/projects.js,70,js,3c99ffa5,ryz002-rz,2026-05-01,15:40:56,-07:00,2026-05-01T15:40:56-07:00,0,0
projects/projects.js,71,js,3c99ffa5,ryz002-rz,2026-05-01,15:40:56,-07:00,2026-05-01T15:40:56-07:00,4,22
projects/projects.js,72,js,3c99ffa5,ryz002-rz,2026-05-01,15:40:56,-07:00,2026-05-01T15:40:56-07:00,4,4
projects/projects.js,73,js,3c99ffa5,ryz002-rz,2026-05-01,15:40:56,-07:00,2026-05-01T15:40:56-07:00,5,14
projects/projects.js,74,js,3c99ffa5,ryz002-rz,2026-05-01,15:40:56,-07:00,2026-05-01T15:40:56-07:00,5,24
projects/projects.js,75,js,3c99ffa5,ryz002-rz,2026-05-01,15:40:56,-07:00,2026-05-01T15:40:56-07:00,6,60
projects/projects.js,76,js,3c99ffa5,ryz002-rz,2026-05-01,15:40:56,-07:00,2026-05-01T15:40:56-07:00,5,0
projects/projects.js,77,js,3c99ffa5,ryz002-rz,2026-05-01,15:40:56,-07:00,2026-05-01T15:40:56-07:00,0,0
projects/projects.js,78,js,3c99ffa5,ryz002-rz,2026-05-01,15:40:56,-07:00,2026-05-01T15:40:56-07:00,4,51
projects/projects.js,79,js,3c99ffa5,ryz002-rz,2026-05-01,15:40:56,-07:00,2026-05-01T15:40:56-07:00,4,17
projects/projects.js,80,js,3c99ffa5,ryz002-rz,2026-05-01,15:40:56,-07:00,2026-05-01T15:40:56-07:00,3,1
projects/projects.js,81,js,3c99ffa5,ryz002-rz,2026-05-01,15:40:56,-07:00,2026-05-01T15:40:56-07:00,1,1
projects/projects.js,82,js,3c99ffa5,ryz002-rz,2026-05-01,15:40:56,-07:00,2026-05-01T15:40:56-07:00,0,0
projects/projects.js,83,js,3c99ffa5,ryz002-rz,2026-05-01,15:40:56,-07:00,2026-05-01T15:40:56-07:00,1,12
projects/projects.js,84,js,3c99ffa5,ryz002-rz,2026-05-01,15:40:56,-07:00,2026-05-01T15:40:56-07:00,1,24
projects/projects.js,85,js,3c99ffa5,ryz002-rz,2026-05-01,15:40:56,-07:00,2026-05-01T15:40:56-07:00,2,4
projects/projects.js,86,js,3c99ffa5,ryz002-rz,2026-05-01,15:40:56,-07:00,2026-05-01T15:40:56-07:00,3,11
projects/projects.js,87,js,3c99ffa5,ryz002-rz,2026-05-01,15:40:56,-07:00,2026-05-01T15:40:56-07:00,3,38
projects/projects.js,88,js,3c99ffa5,ryz002-rz,2026-05-01,15:40:56,-07:00,2026-05-01T15:40:56-07:00,3,4
projects/projects.js,89,js,3c99ffa5,ryz002-rz,2026-05-01,15:40:56,-07:00,2026-05-01T15:40:56-07:00,4,6
projects/projects.js,90,js,3c99ffa5,ryz002-rz,2026-05-01,15:40:56,-07:00,2026-05-01T15:40:56-07:00,4,60
projects/projects.js,91,js,3c99ffa5,ryz002-rz,2026-05-01,15:40:56,-07:00,2026-05-01T15:40:56-07:00,3,0
projects/projects.js,92,js,3c99ffa5,ryz002-rz,2026-05-01,15:40:56,-07:00,2026-05-01T15:40:56-07:00,3,4
projects/projects.js,93,js,3c99ffa5,ryz002-rz,2026-05-01,15:40:56,-07:00,2026-05-01T15:40:56-07:00,4,61
projects/projects.js,94,js,3c99ffa5,ryz002-rz,2026-05-01,15:40:56,-07:00,2026-05-01T15:40:56-07:00,3,0
projects/projects.js,95,js,3c99ffa5,ryz002-rz,2026-05-01,15:40:56,-07:00,2026-05-01T15:40:56-07:00,1,1
projects/projects.js,96,js,3c99ffa5,ryz002-rz,2026-05-01,15:40:56,-07:00,2026-05-01T15:40:56-07:00,0,0
projects/projects.js,97,js,3c99ffa5,ryz002-rz,2026-05-01,15:40:56,-07:00,2026-05-01T15:40:56-07:00,0,0
projects/projects.js,98,js,3c99ffa5,ryz002-rz,2026-05-01,15:40:56,-07:00,2026-05-01T15:40:56-07:00,0,32
projects/projects.js,99,js,3c99ffa5,ryz002-rz,2026-05-01,15:40:56,-07:00,2026-05-01T15:40:56-07:00,0,61
projects/projects.js,100,js,3c99ffa5,ryz002-rz,2026-05-01,15:40:56,-07:00,2026-05-01T15:40:56-07:00,0,72
projects/projects.js,101,js,3c99ffa5,ryz002-rz,2026-05-01,15:40:56,-07:00,2026-05-01T15:40:56-07:00,0,54
projects/projects.js,102,js,3c99ffa5,ryz002-rz,2026-05-01,15:40:56,-07:00,2026-05-01T15:40:56-07:00,0,30
projects/projects.js,103,js,3c99ffa5,ryz002-rz,2026-05-01,15:40:56,-07:00,2026-05-01T15:40:56-07:00,1,32
projects/projects.js,104,js,3c99ffa5,ryz002-rz,2026-05-01,15:40:56,-07:00,2026-05-01T15:40:56-07:00,1,43
projects/projects.js,105,js,3c99ffa5,ryz002-rz,2026-05-01,15:40:56,-07:00,2026-05-01T15:40:56-07:00,2,61
projects/projects.js,106,js,3c99ffa5,ryz002-rz,2026-05-01,15:40:56,-07:00,2026-05-01T15:40:56-07:00,2,42
projects/projects.js,107,js,3c99ffa5,ryz002-rz,2026-05-01,15:40:56,-07:00,2026-05-01T15:40:56-07:00,1,1
projects/projects.js,108,js,3c99ffa5,ryz002-rz,2026-05-01,15:40:56,-07:00,2026-05-01T15:40:56-07:00,0,0
projects/projects.js,109,js,3c99ffa5,ryz002-rz,2026-05-01,15:40:56,-07:00,2026-05-01T15:40:56-07:00,1,53
projects/projects.js,110,js,3c99ffa5,ryz002-rz,2026-05-01,15:40:56,-07:00,2026-05-01T15:40:56-07:00,1,62
projects/projects.js,111,js,3c99ffa5,ryz002-rz,2026-05-01,15:40:56,-07:00,2026-05-01T15:40:56-07:00,2,48
projects/projects.js,112,js,3c99ffa5,ryz002-rz,2026-05-01,15:40:56,-07:00,2026-05-01T15:40:56-07:00,2,57
projects/projects.js,113,js,3c99ffa5,ryz002-rz,2026-05-01,15:40:56,-07:00,2026-05-01T15:40:56-07:00,1,0
projects/projects.js,114,js,3c99ffa5,ryz002-rz,2026-05-01,15:40:56,-07:00,2026-05-01T15:40:56-07:00,0,0
projects/projects.js,115,js,3c99ffa5,ryz002-rz,2026-05-01,15:40:56,-07:00,2026-05-01T15:40:56-07:00,1,30
projects/projects.js,116,js,3c99ffa5,ryz002-rz,2026-05-01,15:40:56,-07:00,2026-05-01T15:40:56-07:00,1,48
projects/projects.js,117,js,3c99ffa5,ryz002-rz,2026-05-01,15:40:56,-07:00,2026-05-01T15:40:56-07:00,0,0
projects/projects.js,118,js,3c99ffa5,ryz002-rz,2026-05-01,15:40:56,-07:00,2026-05-01T15:40:56-07:00,1,24
projects/projects.js,119,js,3c99ffa5,ryz002-rz,2026-05-01,15:40:56,-07:00,2026-05-01T15:40:56-07:00,1,12
projects/projects.js,120,js,3c99ffa5,ryz002-rz,2026-05-01,15:40:56,-07:00,2026-05-01T15:40:56-07:00,2,50
projects/projects.js,121,js,3c99ffa5,ryz002-rz,2026-05-01,15:40:56,-07:00,2026-05-01T15:40:56-07:00,1,0
projects/projects.js,122,js,3c99ffa5,ryz002-rz,2026-05-01,15:40:56,-07:00,2026-05-01T15:40:56-07:00,0,0
projects/projects.js,123,js,3c99ffa5,ryz002-rz,2026-05-01,15:40:56,-07:00,2026-05-01T15:40:56-07:00,0,0
projects/projects.js,124,js,3c99ffa5,ryz002-rz,2026-05-01,15:40:56,-07:00,2026-05-01T15:40:56-07:00,0,76
projects/projects.js,125,js,3c99ffa5,ryz002-rz,2026-05-01,15:40:56,-07:00,2026-05-01T15:40:56-07:00,0,76
projects/projects.js,126,js,3c99ffa5,ryz002-rz,2026-05-01,15:40:56,-07:00,2026-05-01T15:40:56-07:00,0,31
projects/projects.js,127,js,3c99ffa5,ryz002-rz,2026-05-01,15:40:56,-07:00,2026-05-01T15:40:56-07:00,1,51
projects/projects.js,128,js,3c99ffa5,ryz002-rz,2026-05-01,15:40:56,-07:00,2026-05-01T15:40:56-07:00,2,61
projects/projects.js,129,js,3c99ffa5,ryz002-rz,2026-05-01,15:40:56,-07:00,2026-05-01T15:40:56-07:00,2,42
projects/projects.js,130,js,3c99ffa5,ryz002-rz,2026-05-01,15:40:56,-07:00,2026-05-01T15:40:56-07:00,1,1
projects/projects.js,131,js,3c99ffa5,ryz002-rz,2026-05-01,15:40:56,-07:00,2026-05-01T15:40:56-07:00,0,0
projects/projects.js,132,js,3c99ffa5,ryz002-rz,2026-05-01,15:40:56,-07:00,2026-05-01T15:40:56-07:00,1,24
projects/projects.js,133,js,3c99ffa5,ryz002-rz,2026-05-01,15:40:56,-07:00,2026-05-01T15:40:56-07:00,2,13
projects/projects.js,134,js,3c99ffa5,ryz002-rz,2026-05-01,15:40:56,-07:00,2026-05-01T15:40:56-07:00,2,14
projects/projects.js,135,js,3c99ffa5,ryz002-rz,2026-05-01,15:40:56,-07:00,2026-05-01T15:40:56-07:00,2,11
projects/projects.js,136,js,3c99ffa5,ryz002-rz,2026-05-01,15:40:56,-07:00,2026-05-01T15:40:56-07:00,1,0
projects/projects.js,137,js,3c99ffa5,ryz002-rz,2026-05-01,15:40:56,-07:00,2026-05-01T15:40:56-07:00,1,33
projects/projects.js,138,js,3c99ffa5,ryz002-rz,2026-05-01,15:40:56,-07:00,2026-05-01T15:40:56-07:00,0,0
projects/projects.js,139,js,3c99ffa5,ryz002-rz,2026-05-01,15:40:56,-07:00,2026-05-01T15:40:56-07:00,1,68
projects/projects.js,140,js,3c99ffa5,ryz002-rz,2026-05-01,15:40:56,-07:00,2026-05-01T15:40:56-07:00,0,0
projects/projects.js,141,js,3c99ffa5,ryz002-rz,2026-05-01,15:40:56,-07:00,2026-05-01T15:40:56-07:00,0,0
projects/projects.js,142,js,3c99ffa5,ryz002-rz,2026-05-01,15:40:56,-07:00,2026-05-01T15:40:56-07:00,0,41
projects/projects.js,143,js,3c99ffa5,ryz002-rz,2026-05-01,15:40:56,-07:00,2026-05-01T15:40:56-07:00,0,23
projects/projects.js,144,js,3c99ffa5,ryz002-rz,2026-05-01,15:40:56,-07:00,2026-05-01T15:40:56-07:00,0,0
projects/projects.js,145,js,3c99ffa5,ryz002-rz,2026-05-01,15:40:56,-07:00,2026-05-01T15:40:56-07:00,0,40
projects/projects.js,146,js,3c99ffa5,ryz002-rz,2026-05-01,15:40:56,-07:00,2026-05-01T15:40:56-07:00,0,55
projects/projects.js,147,js,3c99ffa5,ryz002-rz,2026-05-01,15:40:56,-07:00,2026-05-01T15:40:56-07:00,0,0
projects/projects.js,148,js,3c99ffa5,ryz002-rz,2026-05-01,15:40:56,-07:00,2026-05-01T15:40:56-07:00,0,48
projects/projects.js,149,js,3c99ffa5,ryz002-rz,2026-05-01,15:40:56,-07:00,2026-05-01T15:40:56-07:00,1,25
projects/projects.js,150,js,3c99ffa5,ryz002-rz,2026-05-01,15:40:56,-07:00,2026-05-01T15:40:56-07:00,0,0
projects/projects.js,151,js,3c99ffa5,ryz002-rz,2026-05-01,15:40:56,-07:00,2026-05-01T15:40:56-07:00,1,78
projects/projects.js,152,js,3c99ffa5,ryz002-rz,2026-05-01,15:40:56,-07:00,2026-05-01T15:40:56-07:00,1,51
projects/projects.js,153,js,3c99ffa5,ryz002-rz,2026-05-01,15:40:56,-07:00,2026-05-01T15:40:56-07:00,2,61
projects/projects.js,154,js,3c99ffa5,ryz002-rz,2026-05-01,15:40:56,-07:00,2026-05-01T15:40:56-07:00,2,42
projects/projects.js,155,js,3c99ffa5,ryz002-rz,2026-05-01,15:40:56,-07:00,2026-05-01T15:40:56-07:00,1,1
projects/projects.js,156,js,3c99ffa5,ryz002-rz,2026-05-01,15:40:56,-07:00,2026-05-01T15:40:56-07:00,0,0
projects/projects.js,157,js,3c99ffa5,ryz002-rz,2026-05-01,15:40:56,-07:00,2026-05-01T15:40:56-07:00,1,68
projects/projects.js,158,js,3c99ffa5,ryz002-rz,2026-05-01,15:40:56,-07:00,2026-05-01T15:40:56-07:00,1,65
projects/projects.js,159,js,3c99ffa5,ryz002-rz,2026-05-01,15:40:56,-07:00,2026-05-01T15:40:56-07:00,1,76
projects/projects.js,160,js,3c99ffa5,ryz002-rz,2026-05-01,15:40:56,-07:00,2026-05-01T15:40:56-07:00,1,17
projects/projects.js,161,js,3c99ffa5,ryz002-rz,2026-05-01,15:40:56,-07:00,2026-05-01T15:40:56-07:00,0,0
projects/projects.js,162,js,3c99ffa5,ryz002-rz,2026-05-01,15:40:56,-07:00,2026-05-01T15:40:56-07:00,1,64
projects/projects.js,163,js,3c99ffa5,ryz002-rz,2026-05-01,15:40:56,-07:00,2026-05-01T15:40:56-07:00,1,29
projects/projects.js,164,js,3c99ffa5,ryz002-rz,2026-05-01,15:40:56,-07:00,2026-05-01T15:40:56-07:00,0,0
projects/projects.js,165,js,3c99ffa5,ryz002-rz,2026-05-01,15:40:56,-07:00,2026-05-01T15:40:56-07:00,1,78
projects/projects.js,166,js,3c99ffa5,ryz002-rz,2026-05-01,15:40:56,-07:00,2026-05-01T15:40:56-07:00,1,37
projects/projects.js,167,js,3c99ffa5,ryz002-rz,2026-05-01,15:40:56,-07:00,2026-05-01T15:40:56-07:00,1,20
projects/projects.js,168,js,3c99ffa5,ryz002-rz,2026-05-01,15:40:56,-07:00,2026-05-01T15:40:56-07:00,0,1
projects/index.html,1,html,3e46cc7a,rz0821,2026-04-03,16:25:11,-07:00,2026-04-03T16:25:11-07:00,0,13
projects/index.html,2,html,3e46cc7a,rz0821,2026-04-03,16:25:11,-07:00,2026-04-03T16:25:11-07:00,0,14
projects/index.html,3,html,3e46cc7a,rz0821,2026-04-03,16:25:11,-07:00,2026-04-03T16:25:11-07:00,0,4
projects/index.html,4,html,3e46cc7a,rz0821,2026-04-03,16:25:11,-07:00,2026-04-03T16:25:11-07:00,1,20
projects/index.html,5,html,3c7a028a,rz0821,2026-04-10,18:59:47,-07:00,2026-04-10T18:59:47-07:00,1,34
projects/index.html,6,html,a3d99bbb,rz0821,2026-04-10,19:14:01,-07:00,2026-04-10T19:14:01-07:00,1,68
projects/index.html,7,html,3e46cc7a,rz0821,2026-04-03,16:25:11,-07:00,2026-04-03T16:25:11-07:00,1,41
projects/index.html,8,html,3e46cc7a,rz0821,2026-04-03,16:25:11,-07:00,2026-04-03T16:25:11-07:00,0,5
projects/index.html,9,html,3e46cc7a,rz0821,2026-04-03,16:25:11,-07:00,2026-04-03T16:25:11-07:00,0,4
projects/index.html,10,html,3e46cc7a,rz0821,2026-04-03,16:25:11,-07:00,2026-04-03T16:25:11-07:00,0,4
projects/index.html,11,html,fedf3070,rz0821,2026-04-24,18:26:11,-07:00,2026-04-24T18:26:11-07:00,1,38
projects/index.html,12,html,3c99ffa5,ryz002-rz,2026-05-01,15:40:56,-07:00,2026-05-01T15:40:56-07:00,0,0
projects/index.html,13,html,3c99ffa5,ryz002-rz,2026-05-01,15:40:56,-07:00,2026-05-01T15:40:56-07:00,1,21
projects/index.html,14,html,3c99ffa5,ryz002-rz,2026-05-01,15:40:56,-07:00,2026-05-01T15:40:56-07:00,2,58
projects/index.html,15,html,3c99ffa5,ryz002-rz,2026-05-01,15:40:56,-07:00,2026-05-01T15:40:56-07:00,2,22
projects/index.html,16,html,3c99ffa5,ryz002-rz,2026-05-01,15:40:56,-07:00,2026-05-01T15:40:56-07:00,1,4
projects/index.html,17,html,3c99ffa5,ryz002-rz,2026-05-01,15:40:56,-07:00,2026-05-01T15:40:56-07:00,0,0
projects/index.html,18,html,3c99ffa5,ryz002-rz,2026-05-01,15:40:56,-07:00,2026-05-01T15:40:56-07:00,1,4
projects/index.html,19,html,3c99ffa5,ryz002-rz,2026-05-01,15:40:56,-07:00,2026-05-01T15:40:56-07:00,2,15
projects/index.html,20,html,3c99ffa5,ryz002-rz,2026-05-01,15:40:56,-07:00,2026-05-01T15:40:56-07:00,2,11
projects/index.html,21,html,3c99ffa5,ryz002-rz,2026-05-01,15:40:56,-07:00,2026-05-01T15:40:56-07:00,2,26
projects/index.html,22,html,3c99ffa5,ryz002-rz,2026-05-01,15:40:56,-07:00,2026-05-01T15:40:56-07:00,2,31
projects/index.html,23,html,3c99ffa5,ryz002-rz,2026-05-01,15:40:56,-07:00,2026-05-01T15:40:56-07:00,1,0
projects/index.html,24,html,3c99ffa5,ryz002-rz,2026-05-01,15:40:56,-07:00,2026-05-01T15:40:56-07:00,0,0
projects/index.html,25,html,fedf3070,rz0821,2026-04-24,18:26:11,-07:00,2026-04-24T18:26:11-07:00,1,26
projects/index.html,26,html,3e46cc7a,rz0821,2026-04-03,16:25:11,-07:00,2026-04-03T16:25:11-07:00,0,5
projects/index.html,27,html,fedf3070,rz0821,2026-04-24,18:26:11,-07:00,2026-04-24T18:26:11-07:00,0,48
projects/index.html,28,html,fedf3070,rz0821,2026-04-24,18:26:11,-07:00,2026-04-24T18:26:11-07:00,0,47
projects/index.html,29,html,3e46cc7a,rz0821,2026-04-03,16:25:11,-07:00,2026-04-03T16:25:11-07:00,0,5
projects/index.html,30,html,3e46cc7a,rz0821,2026-04-03,16:25:11,-07:00,2026-04-03T16:25:11-07:00,0,5
contact/index.html,1,html,3e46cc7a,rz0821,2026-04-03,16:25:11,-07:00,2026-04-03T16:25:11-07:00,0,13
contact/index.html,2,html,3e46cc7a,rz0821,2026-04-03,16:25:11,-07:00,2026-04-03T16:25:11-07:00,0,14
contact/index.html,3,html,3e46cc7a,rz0821,2026-04-03,16:25:11,-07:00,2026-04-03T16:25:11-07:00,0,4
contact/index.html,4,html,3e46cc7a,rz0821,2026-04-03,16:25:11,-07:00,2026-04-03T16:25:11-07:00,1,20
contact/index.html,5,html,3c7a028a,rz0821,2026-04-10,18:59:47,-07:00,2026-04-10T18:59:47-07:00,1,33
contact/index.html,6,html,3e46cc7a,rz0821,2026-04-03,16:25:11,-07:00,2026-04-03T16:25:11-07:00,1,41
contact/index.html,7,html,8f94c102,rz0821,2026-04-17,14:22:55,-07:00,2026-04-17T14:22:55-07:00,1,48
contact/index.html,8,html,3e46cc7a,rz0821,2026-04-03,16:25:11,-07:00,2026-04-03T16:25:11-07:00,0,5
contact/index.html,9,html,3e46cc7a,rz0821,2026-04-03,16:25:11,-07:00,2026-04-03T16:25:11-07:00,0,4
contact/index.html,10,html,3e46cc7a,rz0821,2026-04-03,16:25:11,-07:00,2026-04-03T16:25:11-07:00,0,4
contact/index.html,11,html,3c7a028a,rz0821,2026-04-10,18:59:47,-07:00,2026-04-10T18:59:47-07:00,1,17
contact/index.html,12,html,0306dc1d,rz0821,2026-04-17,16:45:30,-07:00,2026-04-17T16:45:30-07:00,1,49
contact/index.html,13,html,3e46cc7a,rz0821,2026-04-03,16:25:11,-07:00,2026-04-03T16:25:11-07:00,2,13
contact/index.html,14,html,3e46cc7a,rz0821,2026-04-03,16:25:11,-07:00,2026-04-03T16:25:11-07:00,3,20
contact/index.html,15,html,3e46cc7a,rz0821,2026-04-03,16:25:11,-07:00,2026-04-03T16:25:11-07:00,2,6
contact/index.html,16,html,3e46cc7a,rz0821,2026-04-03,16:25:11,-07:00,2026-04-03T16:25:11-07:00,2,13
contact/index.html,17,html,3e46cc7a,rz0821,2026-04-03,16:25:11,-07:00,2026-04-03T16:25:11-07:00,3,31
contact/index.html,18,html,3e46cc7a,rz0821,2026-04-03,16:25:11,-07:00,2026-04-03T16:25:11-07:00,2,6
contact/index.html,19,html,3e46cc7a,rz0821,2026-04-03,16:25:11,-07:00,2026-04-03T16:25:11-07:00,2,19
contact/index.html,20,html,3e46cc7a,rz0821,2026-04-03,16:25:11,-07:00,2026-04-03T16:25:11-07:00,1,5
contact/index.html,21,html,3e46cc7a,rz0821,2026-04-03,16:25:11,-07:00,2026-04-03T16:25:11-07:00,0,5
contact/index.html,22,html,3e46cc7a,rz0821,2026-04-03,16:25:11,-07:00,2026-04-03T16:25:11-07:00,0,5
contact/index.html,23,html,3e46cc7a,rz0821,2026-04-03,16:25:11,-07:00,2026-04-03T16:25:11-07:00,0,5
